Year,Make,Model,Fuel-type
2019,ARCIMOTO,EVERGREEN,ELECTRIC
2012,AUDI,A1,PETROL HYBRID
2015,AUDI,A3,PETROL HYBRID
2015,AUDI,A3,PLUGIN PETROL HYBRID
2016,AUDI,A3,PETROL ELECTRIC HYBRID
2016,AUDI,A3,PLUGIN PETROL HYBRID
2017,AUDI,A3,PETROL HYBRID
2017,AUDI,A3,PLUGIN PETROL HYBRID
2018,AUDI,A3,PLUGIN PETROL HYBRID
2019,AUDI,A3,PLUGIN PETROL HYBRID
2020,AUDI,A3,PLUGIN PETROL HYBRID
2012,AUDI,A6,PETROL HYBRID
2013,AUDI,A6,PETROL HYBRID
2014,AUDI,A6,PETROL HYBRID
2020,AUDI,A6,DIESEL HYBRID
2018,AUDI,A7,DIESEL ELECTRIC HYBRID
2022,AUDI,A7,PETROL HYBRID
2013,AUDI,A8,PETROL HYBRID
2019,AUDI,E-TRON,ELECTRIC
2020,AUDI,E-TRON,ELECTRIC
2021,AUDI,E-TRON,ELECTRIC
2022,AUDI,E-TRON,ELECTRIC
2021,AUDI,E-TRON GT,ELECTRIC
2022,AUDI,E-TRON GT,ELECTRIC
2021,AUDI,Q5,DIESEL HYBRID
2022,AUDI,Q5,PLUGIN PETROL HYBRID
2008,AUDI,Q7,PLUGIN DIESEL HYBRID
2017,AUDI,Q7,PLUGIN DIESEL HYBRID
2018,AUDI,Q7,ELECTRIC
2018,AUDI,Q7,PLUGIN DIESEL HYBRID
2020,AUDI,Q7,DIESEL HYBRID
2019,AUDI,Q8,PETROL HYBRID
2020,AUDI,Q8,PETROL ELECTRIC HYBRID
2020,AUDI,Q8,PETROL HYBRID
2020,AUDI,RS6,PETROL HYBRID
2020,AUDI,SQ7,DIESEL HYBRID
2020,AUDI,SQ8,DIESEL HYBRID
2000,AUDI,TT,ELECTRIC
1957,BERKELEY,S/E328,ELECTRIC
2010,BMW,116I,PETROL HYBRID
2013,BMW,116I,PLUGIN PETROL HYBRID
2006,BMW,118I,ELECTRIC
2016,BMW,2 SERIES,PLUGIN PETROL HYBRID
2017,BMW,2 SERIES,ELECTRIC
2017,BMW,2 SERIES,PLUGIN PETROL HYBRID
2018,BMW,2 SERIES,ELECTRIC
2018,BMW,2 SERIES,PLUGIN PETROL HYBRID
2019,BMW,2 SERIES,PLUGIN PETROL HYBRID
2020,BMW,2 SERIES,PLUGIN PETROL HYBRID
2016,BMW,225XE,PLUGIN PETROL HYBRID
2017,BMW,225XE,PLUGIN PETROL HYBRID
2018,BMW,225XE,PLUGIN PETROL HYBRID
2012,BMW,3 SERIES,PETROL ELECTRIC HYBRID
2012,BMW,3 SERIES,PETROL HYBRID
2013,BMW,3 SERIES,PETROL HYBRID
2014,BMW,3 SERIES,PETROL HYBRID
2015,BMW,3 SERIES,PETROL HYBRID
2016,BMW,3 SERIES,PLUGIN PETROL HYBRID
2017,BMW,3 SERIES,ELECTRIC
2017,BMW,3 SERIES,PLUGIN PETROL HYBRID
2018,BMW,3 SERIES,ELECTRIC
2019,BMW,3 SERIES,ELECTRIC
2019,BMW,3 SERIES,PLUGIN PETROL HYBRID
2020,BMW,3 SERIES,PLUGIN PETROL HYBRID
2021,BMW,3 SERIES,PLUGIN PETROL HYBRID
2022,BMW,3 SERIES,PLUGIN PETROL HYBRID
1988,BMW,318,ELECTRIC
2007,BMW,320,PETROL HYBRID
1995,BMW,328I,ELECTRIC
2016,BMW,330,ELECTRIC
2016,BMW,330,ELECTRIC [PETROL EXTENDED]
2016,BMW,330,PETROL ELECTRIC HYBRID
2016,BMW,330,PETROL HYBRID
2016,BMW,330,PLUGIN PETROL HYBRID
2017,BMW,330,PETROL HYBRID
2017,BMW,330,PLUGIN PETROL HYBRID
2016,BMW,330E,PETROL HYBRID
2016,BMW,330E,PLUGIN PETROL HYBRID
2017,BMW,330E,PETROL HYBRID
2017,BMW,330E,PLUGIN PETROL HYBRID
2018,BMW,330E,PETROL ELECTRIC HYBRID
2018,BMW,330E,PETROL HYBRID
2018,BMW,330E,PLUGIN PETROL HYBRID
2019,BMW,330E,PLUGIN PETROL HYBRID
2020,BMW,330E,PLUGIN PETROL HYBRID
2013,BMW,330I,PETROL HYBRID
2016,BMW,330I,PETROL HYBRID
2012,BMW,335I,PETROL HYBRID
2013,BMW,335I,PETROL HYBRID
2014,BMW,335I,PETROL HYBRID
2015,BMW,335I,PETROL HYBRID
2022,BMW,4 SERIES,ELECTRIC
2012,BMW,5 SERIES,PETROL ELECTRIC HYBRID
2012,BMW,5 SERIES,PETROL HYBRID
2013,BMW,5 SERIES,PETROL HYBRID
2015,BMW,5 SERIES,PETROL HYBRID
2017,BMW,5 SERIES,PLUGIN PETROL HYBRID
2018,BMW,5 SERIES,ELECTRIC
2018,BMW,5 SERIES,PLUGIN PETROL HYBRID
2019,BMW,5 SERIES,PLUGIN PETROL HYBRID
2020,BMW,5 SERIES,PLUGIN PETROL HYBRID
2021,BMW,5 SERIES,PLUGIN PETROL HYBRID
2022,BMW,5 SERIES,PLUGIN PETROL HYBRID
2020,BMW,520D,DIESEL HYBRID
2013,BMW,523I,PETROL HYBRID
2020,BMW,530D,DIESEL HYBRID
2017,BMW,530E,PETROL ELECTRIC HYBRID
2017,BMW,530E,PLUGIN PETROL HYBRID
2018,BMW,530E,PETROL ELECTRIC HYBRID
2018,BMW,530E,PETROL HYBRID
2018,BMW,530E,PLUGIN PETROL HYBRID
2019,BMW,530E,PLUGIN PETROL HYBRID
2022,BMW,530E,PLUGIN PETROL HYBRID
2012,BMW,535,PETROL HYBRID
2012,BMW,535I,PETROL HYBRID
2013,BMW,535I,PETROL HYBRID
2014,BMW,535I,PETROL HYBRID
2015,BMW,535I,PETROL HYBRID
2012,BMW,7 SERIES,PETROL HYBRID
2014,BMW,7 SERIES,PETROL HYBRID
2016,BMW,7 SERIES,PLUGIN PETROL HYBRID
2017,BMW,7 SERIES,ELECTRIC
2017,BMW,7 SERIES,PLUGIN PETROL HYBRID
2019,BMW,7 SERIES,PLUGIN PETROL HYBRID
2020,BMW,7 SERIES,PLUGIN PETROL HYBRID
2020,BMW,730D,DIESEL HYBRID
2014,BMW,730I,PETROL HYBRID
2016,BMW,740E,PLUGIN PETROL HYBRID
2017,BMW,740E,PETROL ELECTRIC HYBRID
2017,BMW,740E,PLUGIN PETROL HYBRID
2018,BMW,740E,PETROL ELECTRIC HYBRID
2018,BMW,740E,PLUGIN PETROL HYBRID
2019,BMW,740E,PLUGIN PETROL HYBRID
2017,BMW,740LE,PETROL ELECTRIC HYBRID
2019,BMW,745LE,PLUGIN PETROL HYBRID
2012,BMW,ACTIVEHYBRID,PETROL ELECTRIC HYBRID
2012,BMW,ACTIVEHYBRID,PETROL HYBRID
2013,BMW,ACTIVEHYBRID,PETROL ELECTRIC HYBRID
2013,BMW,ACTIVEHYBRID,PETROL HYBRID
2014,BMW,ACTIVEHYBRID,PETROL HYBRID
2015,BMW,ACTIVEHYBRID,PETROL HYBRID
2016,BMW,ACTIVEHYBRID,PETROL HYBRID
2014,BMW,I,ELECTRIC [PETROL EXTENDED]
2014,BMW,I,PLUGIN PETROL HYBRID
2015,BMW,I,ELECTRIC [PETROL EXTENDED]
2015,BMW,I,PLUGIN PETROL HYBRID
2016,BMW,I,ELECTRIC
2016,BMW,I,ELECTRIC [PETROL EXTENDED]
2016,BMW,I,PLUGIN PETROL HYBRID
2017,BMW,I,ELECTRIC
2017,BMW,I,ELECTRIC [PETROL EXTENDED]
2017,BMW,I,PLUGIN PETROL HYBRID
2018,BMW,I,ELECTRIC
2018,BMW,I,ELECTRIC [PETROL EXTENDED]
2018,BMW,I,PLUGIN PETROL HYBRID
2019,BMW,I,ELECTRIC
2019,BMW,I,ELECTRIC [PETROL EXTENDED]
2019,BMW,I,PLUGIN PETROL HYBRID
2020,BMW,I,ELECTRIC
2020,BMW,I,ELECTRIC [PETROL EXTENDED]
2020,BMW,I,PLUGIN PETROL HYBRID
2021,BMW,I,ELECTRIC
2022,BMW,I,ELECTRIC
2013,BMW,I3,ELECTRIC
2014,BMW,I3,ELECTRIC
2014,BMW,I3,ELECTRIC [DIESEL EXTENDED]
2014,BMW,I3,ELECTRIC [PETROL EXTENDED]
2014,BMW,I3,PETROL ELECTRIC HYBRID
2014,BMW,I3,PETROL HYBRID
2014,BMW,I3,PLUGIN PETROL HYBRID
2015,BMW,I3,ELECTRIC
2015,BMW,I3,ELECTRIC [PETROL EXTENDED]
2015,BMW,I3,PETROL ELECTRIC HYBRID
2015,BMW,I3,PETROL HYBRID
2015,BMW,I3,PLUGIN PETROL HYBRID
2016,BMW,I3,ELECTRIC
2016,BMW,I3,ELECTRIC [PETROL EXTENDED]
2016,BMW,I3,PETROL ELECTRIC HYBRID
2016,BMW,I3,PETROL HYBRID
2016,BMW,I3,PLUGIN PETROL HYBRID
2017,BMW,I3,ELECTRIC
2017,BMW,I3,ELECTRIC [DIESEL EXTENDED]
2017,BMW,I3,ELECTRIC [PETROL EXTENDED]
2017,BMW,I3,PETROL ELECTRIC HYBRID
2017,BMW,I3,PLUGIN PETROL HYBRID
2018,BMW,I3,ELECTRIC
2018,BMW,I3,ELECTRIC [PETROL EXTENDED]
2018,BMW,I3,PETROL ELECTRIC HYBRID
2018,BMW,I3,PLUGIN PETROL HYBRID
2019,BMW,I3,ELECTRIC
2019,BMW,I3,ELECTRIC [PETROL EXTENDED]
2019,BMW,I3,PLUGIN PETROL HYBRID
2020,BMW,I3,ELECTRIC
2020,BMW,I3,ELECTRIC [PETROL EXTENDED]
2014,BMW,I8,PLUGIN PETROL HYBRID
2015,BMW,I8,PLUGIN PETROL HYBRID
2016,BMW,I8,PETROL ELECTRIC HYBRID
2016,BMW,I8,PETROL HYBRID
2016,BMW,I8,PLUGIN PETROL HYBRID
2017,BMW,I8,PLUGIN PETROL HYBRID
2018,BMW,I8,PETROL ELECTRIC HYBRID
2018,BMW,I8,PLUGIN PETROL HYBRID
2019,BMW,I8,PETROL HYBRID
2020,BMW,I8,PETROL HYBRID
2013,BMW,M3,PETROL HYBRID
2017,BMW,M5,PLUGIN PETROL HYBRID
2017,BMW,MINI,PLUGIN PETROL HYBRID
2018,BMW,MINI,PLUGIN PETROL HYBRID
2019,BMW,MINI,PLUGIN PETROL HYBRID
2020,BMW,X3,PLUGIN PETROL HYBRID
2021,BMW,X3,PLUGIN PETROL HYBRID
2022,BMW,X3,PLUGIN PETROL HYBRID
2010,BMW,X5,PETROL HYBRID
2015,BMW,X5,PETROL HYBRID
2015,BMW,X5,PLUGIN PETROL HYBRID
2016,BMW,X5,PETROL HYBRID
2016,BMW,X5,PLUGIN PETROL HYBRID
2017,BMW,X5,PLUGIN PETROL HYBRID
2018,BMW,X5,PLUGIN PETROL HYBRID
2019,BMW,X5,PLUGIN PETROL HYBRID
2020,BMW,X5,PLUGIN PETROL HYBRID
2021,BMW,X5,PLUGIN PETROL HYBRID
2022,BMW,X5,PLUGIN PETROL HYBRID
2016,BYD,E6H,ELECTRIC
2017,BYD,E6H,ELECTRIC
2014,BYD,E6Y,ELECTRIC
2015,BYD,E6Y,ELECTRIC
1956,CHEVROLET,BELAIR,ELECTRIC
2012,CHEVROLET,VOLT,PLUGIN PETROL HYBRID
2013,CHEVROLET,VOLT,PLUGIN PETROL HYBRID
2021,CITROEN,C4,ELECTRIC
2021,CITROEN,DS3,ELECTRIC
2013,CITROEN,DS5,DIESEL ELECTRIC HYBRID
2015,CITROEN,DS5,DIESEL HYBRID
1973,CITROEN,DYANE,ELECTRIC
1995,CUSTOMBUILT,HERON PC80,ELECTRIC
1989,CUSTOMBUILT,KITCAR LYNX FORTE,ELECTRIC
1994,CUSTOMBUILT,MENDOM,ELECTRIC
2012,DAIHATSU,ALTIS,PETROL HYBRID
2013,DAIHATSU,ALTIS,PETROL ELECTRIC HYBRID
2013,DAIHATSU,ALTIS,PETROL HYBRID
2014,DAIHATSU,ALTIS,PETROL HYBRID
2015,DAIHATSU,ALTIS,PETROL HYBRID
2016,DAIHATSU,ALTIS,PETROL HYBRID
2017,DAIHATSU,ALTIS,PETROL HYBRID
1988,DAIHATSU,CHARADE CS,ELECTRIC
2013,DAIHATSU,MEBIUS,PETROL HYBRID
2014,DAIHATSU,MEBIUS,PETROL HYBRID
2015,DAIHATSU,MEBIUS,PETROL HYBRID
2016,DAIHATSU,MEBIUS,PETROL HYBRID
1993,DAIHATSU,MIRA LS,ELECTRIC
2019,FACTORY BUILT,BYD E6H,ELECTRIC
2011,FACTORY BUILT,SOUZHOU EAGLE,ELECTRIC
2015,FACTORY BUILT,TUK TUK,ELECTRIC
2016,FACTORY BUILT,TUK TUK,ELECTRIC
2016,FACTORY BUILT,TUKTUK,ELECTRIC
2014,FERRARI,LAFERRARI,PETROL HYBRID
2015,FERRARI,LAFERRARI,PETROL HYBRID
2021,FERRARI,LAFERRARI,PETROL HYBRID
2021,FERRARI,SF90 STRADALE,PLUGIN PETROL HYBRID
2022,FERRARI,SF90 STRADALE,PLUGIN PETROL HYBRID
1983,FIAT,126,ELECTRIC
2021,FIAT,500,ELECTRIC
2022,FIAT,500,ELECTRIC
1979,FIAT,DE VILLER,ELECTRIC
2020,FORD,ESCAPE,PLUGIN PETROL HYBRID
2021,FORD,ESCAPE,PLUGIN PETROL HYBRID
2022,FORD,ESCAPE,PLUGIN PETROL HYBRID
1957,FORD,FAIRLANE,ELECTRIC
2014,FORD,FALCON,PETROL HYBRID
1993,FORD,FESTIVA,ELECTRIC
2015,FORD,FIESTA,ELECTRIC
2016,FORD,FIESTA,PETROL HYBRID
2010,FORD,FOCUS,ELECTRIC
2018,FORD,FOCUS,ELECTRIC
2022,FORD,FOCUS,PETROL HYBRID
2018,FORD,MONDEO,PETROL HYBRID
2019,FORD,MONDEO,PETROL HYBRID
2020,FORD,MONDEO,PETROL HYBRID
2021,FORD,MONDEO,PETROL HYBRID
2021,FORD,MUSTANG,ELECTRIC
2020,FORD,PUMA,PETROL HYBRID
2020,FORD,TRANSIT,PLUGIN PETROL HYBRID
2021,FORD,TRANSIT,PLUGIN PETROL HYBRID
2022,FORD,TRANSIT,PLUGIN PETROL HYBRID
2022,HAVAL,H6,PETROL HYBRID
2012,HOLDEN,VOLT,PLUGIN PETROL HYBRID
2013,HOLDEN,VOLT,PLUGIN PETROL HYBRID
2014,HOLDEN,VOLT,PLUGIN PETROL HYBRID
2015,HOLDEN,VOLT,PLUGIN PETROL HYBRID
2005,HONDA,ACCORD,PETROL HYBRID
2013,HONDA,ACCORD,PETROL ELECTRIC HYBRID
2013,HONDA,ACCORD,PETROL HYBRID
2014,HONDA,ACCORD,PETROL ELECTRIC HYBRID
2014,HONDA,ACCORD,PETROL HYBRID
2015,HONDA,ACCORD,PETROL HYBRID
2016,HONDA,ACCORD,PETROL HYBRID
2017,HONDA,ACCORD,PETROL HYBRID
2005,HONDA,AIRWAVE,PETROL HYBRID
1989,HONDA,CITY,ELECTRIC
1993,HONDA,CITY,ELECTRIC
1991,HONDA,CIVIC,ELECTRIC
2002,HONDA,CIVIC,PETROL HYBRID
2003,HONDA,CIVIC,PETROL HYBRID
2004,HONDA,CIVIC,PETROL HYBRID
2005,HONDA,CIVIC,PETROL HYBRID
2006,HONDA,CIVIC,PETROL HYBRID
2007,HONDA,CIVIC,PETROL ELECTRIC HYBRID
2007,HONDA,CIVIC,PETROL HYBRID
2008,HONDA,CIVIC,ELECTRIC
2008,HONDA,CIVIC,PETROL HYBRID
2009,HONDA,CIVIC,PETROL ELECTRIC HYBRID
2009,HONDA,CIVIC,PETROL HYBRID
2010,HONDA,CIVIC,PETROL HYBRID
2011,HONDA,CIVIC,PETROL HYBRID
2012,HONDA,CIVIC,PETROL HYBRID
2010,HONDA,CR,PETROL HYBRID
2010,HONDA,CR-Z,PETROL ELECTRIC HYBRID
2010,HONDA,CR-Z,PETROL HYBRID
2011,HONDA,CR-Z,PETROL ELECTRIC HYBRID
2011,HONDA,CR-Z,PETROL HYBRID
2012,HONDA,CR-Z,PETROL ELECTRIC HYBRID
2012,HONDA,CR-Z,PETROL HYBRID
2013,HONDA,CR-Z,PETROL HYBRID
2014,HONDA,CR-Z,PETROL HYBRID
2016,HONDA,CR-Z,PETROL HYBRID
2006,HONDA,CRV,PETROL HYBRID
2011,HONDA,CRV,PETROL HYBRID
2013,HONDA,CRV,PETROL HYBRID
2010,HONDA,CRZ,PETROL HYBRID
2011,HONDA,CRZ,PETROL HYBRID
2012,HONDA,CRZ,PETROL HYBRID
2013,HONDA,CRZ,PETROL HYBRID
2014,HONDA,CRZ,PETROL HYBRID
2015,HONDA,CRZ,PETROL HYBRID
2020,HONDA,E ADVANCE,ELECTRIC
2021,HONDA,E ADVANCE,ELECTRIC
2005,HONDA,FIT,PETROL HYBRID
2008,HONDA,FIT,PETROL HYBRID
2009,HONDA,FIT,PETROL HYBRID
2010,HONDA,FIT,PETROL ELECTRIC HYBRID
2010,HONDA,FIT,PETROL HYBRID
2011,HONDA,FIT,PETROL ELECTRIC HYBRID
2011,HONDA,FIT,PETROL HYBRID
2012,HONDA,FIT,PETROL ELECTRIC HYBRID
2012,HONDA,FIT,PETROL HYBRID
2013,HONDA,FIT,PETROL ELECTRIC HYBRID
2013,HONDA,FIT,PETROL HYBRID
2014,HONDA,FIT,ELECTRIC
2014,HONDA,FIT,PETROL ELECTRIC HYBRID
2014,HONDA,FIT,PETROL HYBRID
2015,HONDA,FIT,PETROL ELECTRIC HYBRID
2015,HONDA,FIT,PETROL HYBRID
2016,HONDA,FIT,PETROL ELECTRIC HYBRID
2016,HONDA,FIT,PETROL HYBRID
2017,HONDA,FIT,PETROL HYBRID
2018,HONDA,FIT,PETROL HYBRID
2011,HONDA,FREED,PETROL HYBRID
2012,HONDA,FREED,PETROL HYBRID
2013,HONDA,FREED,PETROL HYBRID
2014,HONDA,FREED,PETROL HYBRID
2015,HONDA,FREED,PETROL HYBRID
2016,HONDA,FREED,PETROL HYBRID
2017,HONDA,FREED,PETROL HYBRID
2014,HONDA,GRACE,PETROL HYBRID
2015,HONDA,GRACE,PETROL ELECTRIC HYBRID
2015,HONDA,GRACE,PETROL HYBRID
2016,HONDA,GRACE,PETROL HYBRID
2017,HONDA,GRACE,PETROL HYBRID
2019,HONDA,GRACE,PETROL HYBRID
2014,HONDA,HR-V,PETROL HYBRID
1999,HONDA,INSIGHT,ELECTRIC
1999,HONDA,INSIGHT,PETROL HYBRID
2000,HONDA,INSIGHT,ELECTRIC
2000,HONDA,INSIGHT,PETROL HYBRID
2001,HONDA,INSIGHT,ELECTRIC
2001,HONDA,INSIGHT,PETROL HYBRID
2002,HONDA,INSIGHT,PETROL HYBRID
2004,HONDA,INSIGHT,PETROL HYBRID
2005,HONDA,INSIGHT,PETROL HYBRID
2006,HONDA,INSIGHT,PETROL HYBRID
2009,HONDA,INSIGHT,ELECTRIC
2009,HONDA,INSIGHT,PETROL ELECTRIC HYBRID
2009,HONDA,INSIGHT,PETROL HYBRID
2010,HONDA,INSIGHT,PETROL ELECTRIC HYBRID
2010,HONDA,INSIGHT,PETROL HYBRID
2011,HONDA,INSIGHT,PETROL ELECTRIC HYBRID
2011,HONDA,INSIGHT,PETROL HYBRID
2012,HONDA,INSIGHT,ELECTRIC [PETROL EXTENDED]
2012,HONDA,INSIGHT,PETROL ELECTRIC HYBRID
2012,HONDA,INSIGHT,PETROL HYBRID
2013,HONDA,INSIGHT,ELECTRIC
2013,HONDA,INSIGHT,PETROL HYBRID
2014,HONDA,INSIGHT,PETROL ELECTRIC HYBRID
2014,HONDA,INSIGHT,PETROL HYBRID
2015,HONDA,INSIGHT,PETROL HYBRID
2015,HONDA,JADE,PETROL HYBRID
2014,HONDA,JAZZ,PETROL HYBRID
2021,HONDA,JAZZ,PETROL HYBRID
2022,HONDA,JAZZ,PETROL HYBRID
2017,HONDA,NSX,PETROL HYBRID
1997,HONDA,ODYSSEY,PETROL HYBRID
2012,HONDA,ODYSSEY,PETROL HYBRID
2014,HONDA,ODYSSEY,PETROL HYBRID
2016,HONDA,ODYSSEY,PETROL HYBRID
2017,HONDA,ODYSSEY,PETROL HYBRID
2019,HONDA,ODYSSEY,PETROL HYBRID
2012,HONDA,SHUTTLE,PETROL HYBRID
2014,HONDA,SHUTTLE,PETROL HYBRID
2015,HONDA,SHUTTLE,PETROL HYBRID
2016,HONDA,SHUTTLE,PETROL ELECTRIC HYBRID
2016,HONDA,SHUTTLE,PETROL HYBRID
2017,HONDA,SHUTTLE,PETROL HYBRID
2019,HONDA,SHUTTLE,PETROL HYBRID
2011,HONDA,SPIKE,PETROL HYBRID
2012,HONDA,SPIKE,PETROL HYBRID
2013,HONDA,SPIKE,PETROL HYBRID
2018,HONDA,STEPWAGON,PETROL HYBRID
2020,HONDA,STEPWAGON,PETROL HYBRID
2008,HONDA,STREAM,PETROL HYBRID
1997,HONDA,TORNEO,ELECTRIC
2013,HONDA,VEZEL,PETROL HYBRID
2014,HONDA,VEZEL,PETROL ELECTRIC HYBRID
2014,HONDA,VEZEL,PETROL HYBRID
2014,HONDA,VEZEL,PLUGIN PETROL HYBRID
2015,HONDA,VEZEL,PETROL ELECTRIC HYBRID
2015,HONDA,VEZEL,PETROL HYBRID
2016,HONDA,VEZEL,PETROL HYBRID
2017,HONDA,VEZEL,PETROL HYBRID
2018,HONDA,VEZEL,PETROL HYBRID
2019,HONDA,VEZEL,PETROL HYBRID
2008,HYUNDAI,GETZ,ELECTRIC
2009,HYUNDAI,GETZ,ELECTRIC
2010,HYUNDAI,GETZ,ELECTRIC
2016,HYUNDAI,IONIQ,ELECTRIC
2016,HYUNDAI,IONIQ,PETROL HYBRID
2017,HYUNDAI,IONIQ,ELECTRIC
2017,HYUNDAI,IONIQ,PETROL HYBRID
2017,HYUNDAI,IONIQ,PLUGIN PETROL HYBRID
2018,HYUNDAI,IONIQ,ELECTRIC
2018,HYUNDAI,IONIQ,PETROL HYBRID
2018,HYUNDAI,IONIQ,PLUGIN PETROL HYBRID
2019,HYUNDAI,IONIQ,ELECTRIC
2019,HYUNDAI,IONIQ,PETROL HYBRID
2019,HYUNDAI,IONIQ,PLUGIN PETROL HYBRID
2020,HYUNDAI,IONIQ,ELECTRIC
2020,HYUNDAI,IONIQ,PETROL HYBRID
2020,HYUNDAI,IONIQ,PLUGIN PETROL HYBRID
2021,HYUNDAI,IONIQ,ELECTRIC
2021,HYUNDAI,IONIQ,PETROL HYBRID
2021,HYUNDAI,IONIQ,PLUGIN PETROL HYBRID
2022,HYUNDAI,IONIQ,ELECTRIC
2022,HYUNDAI,IONIQ,PETROL HYBRID
2022,HYUNDAI,IONIQ,PLUGIN PETROL HYBRID
2021,HYUNDAI,IONIQ 5,ELECTRIC
2022,HYUNDAI,IONIQ 5,ELECTRIC
2018,HYUNDAI,KONA,ELECTRIC
2019,HYUNDAI,KONA,ELECTRIC
2020,HYUNDAI,KONA,ELECTRIC
2021,HYUNDAI,KONA,ELECTRIC
2022,HYUNDAI,KONA,ELECTRIC
2022,HYUNDAI,KONA,PETROL HYBRID
2019,HYUNDAI,NEXO,ELECTRIC FUEL CELL HYDROGEN
2021,HYUNDAI,NEXO,ELECTRIC FUEL CELL HYDROGEN
2021,HYUNDAI,SANTA FE,PETROL HYBRID
2022,HYUNDAI,SANTA FE,PETROL HYBRID
2007,HYUNDAI,TB,PETROL HYBRID
2022,HYUNDAI,TUCSON,PETROL HYBRID
2011,INFINITI,M35H,PETROL HYBRID
2012,INFINITI,M35H,PETROL HYBRID
2014,INFINITI,Q50,PETROL HYBRID
2015,INFINITI,Q50,PETROL HYBRID
2017,INFINITI,Q50,PETROL HYBRID
2018,INFINITI,Q50,PETROL HYBRID
2019,INFINITI,Q50,PETROL HYBRID
2015,INFINITI,Q70,PETROL HYBRID
2021,JAGUAR,F-PACE,PLUGIN PETROL HYBRID
2018,JAGUAR,I-PACE,ELECTRIC
2019,JAGUAR,I-PACE,ELECTRIC
2020,JAGUAR,I-PACE,ELECTRIC
2021,JAGUAR,I-PACE,ELECTRIC
2022,JAGUAR,I-PACE,ELECTRIC
2022,KIA,EV6,ELECTRIC
2016,KIA,NIRO,PETROL HYBRID
2017,KIA,NIRO,PLUGIN PETROL HYBRID
2018,KIA,NIRO,PETROL HYBRID
2018,KIA,NIRO,PLUGIN PETROL HYBRID
2019,KIA,NIRO,ELECTRIC
2019,KIA,NIRO,PETROL HYBRID
2019,KIA,NIRO,PLUGIN PETROL HYBRID
2020,KIA,NIRO,ELECTRIC
2020,KIA,NIRO,PETROL HYBRID
2020,KIA,NIRO,PLUGIN PETROL HYBRID
2021,KIA,NIRO,ELECTRIC
2021,KIA,NIRO,PETROL HYBRID
2021,KIA,NIRO,PLUGIN PETROL HYBRID
2022,KIA,NIRO,ELECTRIC
2022,KIA,NIRO,PETROL HYBRID
2022,KIA,NIRO,PLUGIN PETROL HYBRID
2021,KIA,SORENTO,PETROL HYBRID
2021,KIA,SORENTO,PLUGIN PETROL HYBRID
2022,KIA,SORENTO,PETROL HYBRID
2022,KIA,SORENTO,PLUGIN PETROL HYBRID
2015,KIA,SOUL,ELECTRIC
2016,KIA,SOUL,ELECTRIC
2018,KIA,SOUL,ELECTRIC
2020,KIA,SOUL,ELECTRIC
2021,KIA,SOUL,ELECTRIC
2021,LAND ROVER,DEFENDER,DIESEL HYBRID
2022,LAND ROVER,DISCOVERY,PETROL HYBRID
2013,LAND ROVER,RANGE ROVER,DIESEL HYBRID
2017,LAND ROVER,RANGE ROVER,DIESEL HYBRID
2017,LAND ROVER,RANGE ROVER,PLUGIN PETROL HYBRID
2018,LAND ROVER,RANGE ROVER,PLUGIN PETROL HYBRID
2019,LAND ROVER,RANGE ROVER,PLUGIN PETROL HYBRID
2020,LAND ROVER,RANGE ROVER,PLUGIN PETROL HYBRID
2021,LAND ROVER,RANGE ROVER,DIESEL HYBRID
2021,LAND ROVER,RANGE ROVER,PLUGIN PETROL HYBRID
2019,LAND ROVER,RANGE ROVER EVOQUE,PETROL ELECTRIC HYBRID
2020,LAND ROVER,RANGE ROVER EVOQUE,PETROL ELECTRIC HYBRID
2022,LAND ROVER,RANGE ROVER EVOQUE,PETROL ELECTRIC HYBRID
2019,LAND ROVER,RANGE ROVER SPORT,PETROL HYBRID
2019,LAND ROVER,RANGE ROVER SPORT,PLUGIN PETROL HYBRID
2021,LAND ROVER,RANGE ROVER VELAR,PLUGIN PETROL HYBRID
2022,LAND ROVER,RANGE ROVER VELAR,PLUGIN PETROL HYBRID
2011,LEXUS,CT200H,PETROL ELECTRIC HYBRID
2011,LEXUS,CT200H,PETROL HYBRID
2012,LEXUS,CT200H,PETROL ELECTRIC HYBRID
2012,LEXUS,CT200H,PETROL HYBRID
2013,LEXUS,CT200H,PETROL HYBRID
2014,LEXUS,CT200H,PETROL HYBRID
2015,LEXUS,CT200H,PETROL HYBRID
2016,LEXUS,CT200H,PETROL ELECTRIC HYBRID
2016,LEXUS,CT200H,PETROL HYBRID
2017,LEXUS,CT200H,PETROL ELECTRIC HYBRID
2017,LEXUS,CT200H,PETROL HYBRID
2018,LEXUS,CT200H,PETROL HYBRID
2019,LEXUS,CT200H,PETROL HYBRID
2020,LEXUS,CT200H,PETROL HYBRID
2021,LEXUS,CT200H,PETROL HYBRID
2022,LEXUS,CT200H,PETROL HYBRID
2013,LEXUS,ES300H,PETROL HYBRID
2014,LEXUS,ES300H,PETROL HYBRID
2015,LEXUS,ES300H,PETROL HYBRID
2016,LEXUS,ES300H,PETROL HYBRID
2017,LEXUS,ES300H,PETROL HYBRID
2018,LEXUS,ES300H,PETROL HYBRID
2019,LEXUS,ES300H,PETROL HYBRID
2020,LEXUS,ES300H,PETROL HYBRID
2021,LEXUS,ES300H,PETROL HYBRID
2022,LEXUS,ES300H,PETROL HYBRID
2013,LEXUS,GS300H,PETROL HYBRID
2014,LEXUS,GS300H,PETROL HYBRID
2015,LEXUS,GS300H,PETROL HYBRID
2016,LEXUS,GS300H,PETROL HYBRID
2017,LEXUS,GS300H,PETROL HYBRID
2018,LEXUS,GS300H,PETROL HYBRID
2006,LEXUS,GS450H,PETROL HYBRID
2007,LEXUS,GS450H,PETROL ELECTRIC HYBRID
2007,LEXUS,GS450H,PETROL HYBRID
2008,LEXUS,GS450H,PETROL ELECTRIC HYBRID
2008,LEXUS,GS450H,PETROL HYBRID
2009,LEXUS,GS450H,PETROL HYBRID
2010,LEXUS,GS450H,PETROL HYBRID
2011,LEXUS,GS450H,PETROL HYBRID
2012,LEXUS,GS450H,PETROL ELECTRIC HYBRID
2012,LEXUS,GS450H,PETROL HYBRID
2013,LEXUS,GS450H,PETROL HYBRID
2014,LEXUS,GS450H,PETROL HYBRID
2015,LEXUS,GS450H,PETROL HYBRID
2016,LEXUS,GS450H,PETROL HYBRID
2017,LEXUS,GS450H,PETROL HYBRID
2018,LEXUS,GS450H,PETROL HYBRID
2019,LEXUS,GS450H,PETROL HYBRID
2020,LEXUS,GS450H,PETROL HYBRID
2009,LEXUS,HS250,PETROL HYBRID
2010,LEXUS,HS250,PETROL ELECTRIC HYBRID
2010,LEXUS,HS250,PETROL HYBRID
2011,LEXUS,HS250,PETROL HYBRID
2012,LEXUS,HS250,PETROL HYBRID
2009,LEXUS,HS250H,PETROL ELECTRIC HYBRID
2009,LEXUS,HS250H,PETROL HYBRID
2010,LEXUS,HS250H,PETROL ELECTRIC HYBRID
2010,LEXUS,HS250H,PETROL HYBRID
2011,LEXUS,HS250H,PETROL HYBRID
2012,LEXUS,HS250H,PETROL HYBRID
2013,LEXUS,HS250H,PETROL HYBRID
2014,LEXUS,HS250H,PETROL HYBRID
2015,LEXUS,HS250H,PETROL HYBRID
2016,LEXUS,HS250H,PETROL HYBRID
2017,LEXUS,HS250H,PETROL HYBRID
2006,LEXUS,HYBRID,PETROL HYBRID
2007,LEXUS,HYBRID,PETROL HYBRID
2010,LEXUS,HYBRID,PETROL HYBRID
2013,LEXUS,HYBRID,PETROL HYBRID
2009,LEXUS,IS250,PETROL HYBRID
2013,LEXUS,IS300,PETROL HYBRID
2014,LEXUS,IS300,PETROL HYBRID
2015,LEXUS,IS300,PETROL HYBRID
2016,LEXUS,IS300,PETROL HYBRID
2013,LEXUS,IS300H,PETROL HYBRID
2014,LEXUS,IS300H,PETROL ELECTRIC HYBRID
2014,LEXUS,IS300H,PETROL HYBRID
2015,LEXUS,IS300H,PETROL HYBRID
2016,LEXUS,IS300H,PETROL HYBRID
2017,LEXUS,IS300H,PETROL HYBRID
2018,LEXUS,IS300H,PETROL HYBRID
2019,LEXUS,IS300H,PETROL HYBRID
2020,LEXUS,IS300H,PETROL HYBRID
2021,LEXUS,IS300H,PETROL HYBRID
2022,LEXUS,IS300H,PETROL HYBRID
2017,LEXUS,LC500H,PETROL HYBRID
2018,LEXUS,LC500H,PETROL HYBRID
2017,LEXUS,LS500H,PETROL HYBRID
2018,LEXUS,LS500H,PETROL HYBRID
2021,LEXUS,LS500H,PETROL HYBRID
2007,LEXUS,LS600,PETROL HYBRID
2008,LEXUS,LS600,PETROL ELECTRIC HYBRID
2008,LEXUS,LS600,PETROL HYBRID
2009,LEXUS,LS600,PETROL HYBRID
2010,LEXUS,LS600,PETROL HYBRID
2012,LEXUS,LS600,PETROL HYBRID
2007,LEXUS,LS600H,PETROL ELECTRIC HYBRID
2007,LEXUS,LS600H,PETROL HYBRID
2008,LEXUS,LS600H,PETROL HYBRID
2009,LEXUS,LS600H,PETROL HYBRID
2010,LEXUS,LS600H,PETROL HYBRID
2011,LEXUS,LS600H,PETROL HYBRID
2012,LEXUS,LS600H,PETROL HYBRID
2013,LEXUS,LS600H,PETROL HYBRID
2014,LEXUS,LS600H,PETROL HYBRID
2015,LEXUS,LS600H,PETROL HYBRID
2016,LEXUS,LS600H,PETROL HYBRID
2017,LEXUS,LS600H,PETROL HYBRID
2007,LEXUS,LS600HL,PETROL HYBRID
2008,LEXUS,LS600HL,PETROL HYBRID
2010,LEXUS,LS600HL,PETROL ELECTRIC HYBRID
2010,LEXUS,LS600HL,PETROL HYBRID
2011,LEXUS,LS600HL,PETROL ELECTRIC HYBRID
2011,LEXUS,LS600HL,PETROL HYBRID
2012,LEXUS,LS600HL,PETROL HYBRID
2014,LEXUS,LS600HL,PETROL HYBRID
2015,LEXUS,LS600HL,PETROL HYBRID
2022,LEXUS,NX,PETROL HYBRID
2022,LEXUS,NX,PLUGIN PETROL HYBRID
2015,LEXUS,NX300,PETROL HYBRID
2016,LEXUS,NX300,PETROL ELECTRIC HYBRID
2016,LEXUS,NX300,PETROL HYBRID
2014,LEXUS,NX300H,PETROL HYBRID
2015,LEXUS,NX300H,PETROL HYBRID
2016,LEXUS,NX300H,PETROL HYBRID
2017,LEXUS,NX300H,PETROL ELECTRIC HYBRID
2017,LEXUS,NX300H,PETROL HYBRID
2018,LEXUS,NX300H,PETROL HYBRID
2019,LEXUS,NX300H,PETROL HYBRID
2020,LEXUS,NX300H,PETROL HYBRID
2021,LEXUS,NX300H,PETROL HYBRID
2014,LEXUS,RC 300H,PETROL HYBRID
2017,LEXUS,RC 300H,PETROL HYBRID
2015,LEXUS,RC300,PETROL HYBRID
2016,LEXUS,RC300,PETROL HYBRID
2018,LEXUS,RC300,PETROL HYBRID
2015,LEXUS,RX350,PETROL HYBRID
2005,LEXUS,RX400H,PETROL HYBRID
2006,LEXUS,RX400H,PETROL HYBRID
2007,LEXUS,RX400H,PETROL HYBRID
2008,LEXUS,RX400H,PETROL HYBRID
2009,LEXUS,RX400H,PETROL HYBRID
2009,LEXUS,RX450,PETROL HYBRID
2009,LEXUS,RX450H,PETROL ELECTRIC HYBRID
2009,LEXUS,RX450H,PETROL HYBRID
2009,LEXUS,RX450H,PLUGIN PETROL HYBRID
2010,LEXUS,RX450H,PETROL ELECTRIC HYBRID
2010,LEXUS,RX450H,PETROL HYBRID
2011,LEXUS,RX450H,PETROL ELECTRIC HYBRID
2011,LEXUS,RX450H,PETROL HYBRID
2012,LEXUS,RX450H,PETROL ELECTRIC HYBRID
2012,LEXUS,RX450H,PETROL HYBRID
2013,LEXUS,RX450H,PETROL ELECTRIC HYBRID
2013,LEXUS,RX450H,PETROL HYBRID
2014,LEXUS,RX450H,PETROL HYBRID
2015,LEXUS,RX450H,PETROL ELECTRIC HYBRID
2015,LEXUS,RX450H,PETROL HYBRID
2016,LEXUS,RX450H,PETROL HYBRID
2017,LEXUS,RX450H,PETROL HYBRID
2018,LEXUS,RX450H,PETROL HYBRID
2019,LEXUS,RX450H,PETROL HYBRID
2020,LEXUS,RX450H,PETROL HYBRID
2021,LEXUS,RX450H,PETROL HYBRID
2022,LEXUS,RX450H,PETROL HYBRID
2018,LEXUS,RX450HL,PETROL HYBRID
2019,LEXUS,RX450HL,PETROL HYBRID
2020,LEXUS,RX450HL,PETROL HYBRID
2021,LEXUS,RX450HL,PETROL HYBRID
2022,LEXUS,RX450HL,PETROL HYBRID
2019,LEXUS,UX250H,PETROL HYBRID
2020,LEXUS,UX250H,PETROL HYBRID
2021,LEXUS,UX250H,PETROL HYBRID
2022,LEXUS,UX250H,PETROL HYBRID
2021,LEXUS,UX300E,ELECTRIC
2022,LEXUS,UX300E,ELECTRIC
2021,LOTUS,ELISE,PETROL HYBRID
2012,LVVTA,ELECTRIC C-FEE,ELECTRIC
2013,LVVTA,ROADSTER,ELECTRIC
2021,MASERATI,GHIBLI,PETROL HYBRID
2022,MASERATI,GHIBLI,PETROL HYBRID
2022,MASERATI,LEVANTE,PETROL HYBRID
2006,MAZDA,ATENZA,PETROL HYBRID
2007,MAZDA,ATENZA,PETROL HYBRID
2013,MAZDA,ATENZA,PETROL HYBRID
2014,MAZDA,ATENZA,PETROL HYBRID
2009,MAZDA,AXELA,PETROL HYBRID
2010,MAZDA,AXELA,PETROL HYBRID
2011,MAZDA,AXELA,PETROL HYBRID
2012,MAZDA,AXELA,PETROL HYBRID
2013,MAZDA,AXELA,PETROL ELECTRIC HYBRID
2013,MAZDA,AXELA,PETROL HYBRID
2014,MAZDA,AXELA,PETROL ELECTRIC HYBRID
2014,MAZDA,AXELA,PETROL HYBRID
2015,MAZDA,AXELA,PETROL ELECTRIC HYBRID
2015,MAZDA,AXELA,PETROL HYBRID
2016,MAZDA,AXELA,PETROL ELECTRIC HYBRID
2016,MAZDA,AXELA,PETROL HYBRID
2017,MAZDA,AXELA,PETROL HYBRID
2018,MAZDA,AXELA,PETROL HYBRID
2020,MAZDA,CX-30,PETROL HYBRID
2021,MAZDA,CX-30,PETROL HYBRID
2022,MAZDA,CX-30,PETROL HYBRID
2007,MAZDA,CX-7,PETROL HYBRID
2010,MAZDA,CX-7,PETROL HYBRID
2004,MAZDA,DEMIO,PETROL HYBRID
2007,MAZDA,DEMIO,PETROL HYBRID
2009,MAZDA,DEMIO,PETROL HYBRID
2011,MAZDA,DEMIO,PETROL HYBRID
2012,MAZDA,DEMIO,PETROL ELECTRIC HYBRID
2013,MAZDA,DEMIO,PETROL HYBRID
1990,MAZDA,EUNOS,ELECTRIC
2019,MAZDA,MAZDA2,PETROL HYBRID
2019,MAZDA,MAZDA3,PETROL HYBRID
2020,MAZDA,MAZDA3,PETROL HYBRID
2021,MAZDA,MAZDA3,PETROL HYBRID
2022,MAZDA,MAZDA3,PETROL HYBRID
2007,MAZDA,MPV,PETROL HYBRID
2020,MAZDA,MX-30,PETROL HYBRID
2021,MAZDA,MX-30,ELECTRIC
2021,MAZDA,MX-30,PETROL HYBRID
2022,MAZDA,MX-30,ELECTRIC
2022,MAZDA,MX-30,PETROL HYBRID
2003,MAZDA,MX5,ELECTRIC
1993,MAZDA,ROADSTER,ELECTRIC
2003,MAZDA,RX8,ELECTRIC
2012,MAZDA,VERISA,PETROL HYBRID
2021,MCLAREN,SPEEDTAIL,PETROL HYBRID
2017,MERCEDES-BENZ,350,PLUGIN PETROL HYBRID
2020,MERCEDES-BENZ,A-CLASS,PLUGIN PETROL HYBRID
2021,MERCEDES-BENZ,A-CLASS,PLUGIN PETROL HYBRID
2022,MERCEDES-BENZ,A-CLASS,PLUGIN PETROL HYBRID
2014,MERCEDES-BENZ,A180,PETROL HYBRID
2019,MERCEDES-BENZ,AMG,PETROL HYBRID
2021,MERCEDES-BENZ,AMG,PETROL HYBRID
2022,MERCEDES-BENZ,AMG,PETROL HYBRID
2015,MERCEDES-BENZ,B-CLASS,ELECTRIC
2016,MERCEDES-BENZ,B250,ELECTRIC
2017,MERCEDES-BENZ,B250,ELECTRIC
2015,MERCEDES-BENZ,C-CLASS,DIESEL HYBRID
2015,MERCEDES-BENZ,C-CLASS,PETROL HYBRID
2016,MERCEDES-BENZ,C-CLASS,PLUGIN PETROL HYBRID
2017,MERCEDES-BENZ,C-CLASS,PLUGIN PETROL HYBRID
2018,MERCEDES-BENZ,C-CLASS,PLUGIN PETROL HYBRID
2020,MERCEDES-BENZ,C-CLASS,PLUGIN PETROL HYBRID
2021,MERCEDES-BENZ,C-CLASS,PLUGIN PETROL HYBRID
2022,MERCEDES-BENZ,C-CLASS,PETROL HYBRID
2015,MERCEDES-BENZ,C300,DIESEL HYBRID
2015,MERCEDES-BENZ,C350,PETROL HYBRID
2015,MERCEDES-BENZ,C350,PLUGIN PETROL HYBRID
2016,MERCEDES-BENZ,C350,PETROL HYBRID
2016,MERCEDES-BENZ,C350,PLUGIN PETROL HYBRID
2017,MERCEDES-BENZ,C350,PETROL HYBRID
2017,MERCEDES-BENZ,C350,PLUGIN PETROL HYBRID
2018,MERCEDES-BENZ,C350,PETROL HYBRID
2018,MERCEDES-BENZ,C350,PLUGIN PETROL HYBRID
2019,MERCEDES-BENZ,C350,PETROL HYBRID
2019,MERCEDES-BENZ,CLS,PETROL HYBRID
2017,MERCEDES-BENZ,E-CLASS,PETROL HYBRID
2021,MERCEDES-BENZ,E-CLASS,PETROL HYBRID
2022,MERCEDES-BENZ,E-CLASS,PETROL HYBRID
2019,MERCEDES-BENZ,E300,PETROL HYBRID
2019,MERCEDES-BENZ,E300,PLUGIN PETROL HYBRID
2017,MERCEDES-BENZ,E350,PLUGIN PETROL HYBRID
2018,MERCEDES-BENZ,E350,PLUGIN PETROL HYBRID
2019,MERCEDES-BENZ,E350,PLUGIN PETROL HYBRID
2021,MERCEDES-BENZ,E350,PLUGIN DIESEL HYBRID
2021,MERCEDES-BENZ,EQA,ELECTRIC
2022,MERCEDES-BENZ,EQA,ELECTRIC
2019,MERCEDES-BENZ,EQC,ELECTRIC
2020,MERCEDES-BENZ,EQC,ELECTRIC
2021,MERCEDES-BENZ,EQC,ELECTRIC
2022,MERCEDES-BENZ,EQC,ELECTRIC
2022,MERCEDES-BENZ,EQS,ELECTRIC
2020,MERCEDES-BENZ,GLC,PLUGIN PETROL HYBRID
2021,MERCEDES-BENZ,GLC,PLUGIN PETROL HYBRID
2022,MERCEDES-BENZ,GLC,PLUGIN PETROL HYBRID
2017,MERCEDES-BENZ,GLE,PLUGIN PETROL HYBRID
2018,MERCEDES-BENZ,GLE,PLUGIN PETROL HYBRID
2019,MERCEDES-BENZ,GLE,PLUGIN PETROL HYBRID
2020,MERCEDES-BENZ,GLE,PETROL ELECTRIC HYBRID
2020,MERCEDES-BENZ,GLE,PETROL HYBRID
2021,MERCEDES-BENZ,GLE,PETROL ELECTRIC HYBRID
2021,MERCEDES-BENZ,GLE,PETROL HYBRID
2022,MERCEDES-BENZ,GLE,PETROL HYBRID
2019,MERCEDES-BENZ,S,PETROL HYBRID
2020,MERCEDES-BENZ,S,PLUGIN PETROL HYBRID
2017,MERCEDES-BENZ,S-CLASS,PLUGIN PETROL HYBRID
2019,MERCEDES-BENZ,S-CLASS,PLUGIN PETROL HYBRID
2013,MERCEDES-BENZ,S400,PETROL HYBRID
2014,MERCEDES-BENZ,S400,PETROL HYBRID
2015,MERCEDES-BENZ,S400,PETROL HYBRID
2022,MERCEDES-BENZ,S400,PETROL HYBRID
2013,MERCEDES-BENZ,SMART,ELECTRIC
2014,MERCEDES-BENZ,SMART,ELECTRIC
2020,MG,5,ELECTRIC
2021,MG,5,ELECTRIC
2022,MG,5,ELECTRIC
1970,MG,BGT SPORTS,ELECTRIC
2021,MG,HS,PLUGIN PETROL HYBRID
2022,MG,HS,PLUGIN PETROL HYBRID
2019,MG,ZS,ELECTRIC
2021,MG,ZS,ELECTRIC
2022,MG,ZS,ELECTRIC
2020,MG,ZS EV,ELECTRIC
2021,MG,ZS EV,ELECTRIC
2022,MG,ZS EV,ELECTRIC
2017,MINI,COOPER,PLUGIN PETROL HYBRID
2018,MINI,COOPER,PLUGIN PETROL HYBRID
2019,MINI,COOPER,PLUGIN PETROL HYBRID
2017,MINI,COUNTRYMAN,PLUGIN PETROL HYBRID
2018,MINI,COUNTRYMAN,PLUGIN PETROL HYBRID
2019,MINI,COUNTRYMAN,PLUGIN PETROL HYBRID
2020,MINI,COUNTRYMAN,PLUGIN PETROL HYBRID
2021,MINI,COUNTRYMAN,PLUGIN PETROL HYBRID
2022,MINI,COUNTRYMAN,PLUGIN PETROL HYBRID
2020,MINI,HATCH,ELECTRIC
2021,MINI,HATCH,ELECTRIC
2022,MINI,HATCH,ELECTRIC
2006,MITSUBISHI,COLT,PETROL HYBRID
2016,MITSUBISHI,DELICA,PETROL HYBRID
2021,MITSUBISHI,ECLIPSE CROSS,PLUGIN PETROL HYBRID
2022,MITSUBISHI,ECLIPSE CROSS,PLUGIN PETROL HYBRID
1992,MITSUBISHI,GTO,ELECTRIC
2009,MITSUBISHI,I-MIEV,ELECTRIC
2010,MITSUBISHI,I-MIEV,ELECTRIC
2011,MITSUBISHI,I-MIEV,ELECTRIC
2012,MITSUBISHI,I-MIEV,ELECTRIC
2013,MITSUBISHI,I-MIEV,ELECTRIC
2014,MITSUBISHI,I-MIEV,ELECTRIC
2015,MITSUBISHI,I-MIEV,ELECTRIC
1997,MITSUBISHI,MAGNA,ELECTRIC
2010,MITSUBISHI,MIEV,ELECTRIC
2011,MITSUBISHI,MIEV,ELECTRIC
2012,MITSUBISHI,MIEV,ELECTRIC
2013,MITSUBISHI,MIEV,ELECTRIC
2012,MITSUBISHI,MINICA,ELECTRIC
2011,MITSUBISHI,MINICAB,ELECTRIC
2012,MITSUBISHI,MINICAB,ELECTRIC
2013,MITSUBISHI,MINICAB,ELECTRIC
2014,MITSUBISHI,MINICAB,ELECTRIC
2015,MITSUBISHI,MINICAB,ELECTRIC
2009,MITSUBISHI,OUTLANDER,PETROL HYBRID
2012,MITSUBISHI,OUTLANDER,PETROL HYBRID
2013,MITSUBISHI,OUTLANDER,ELECTRIC [PETROL EXTENDED]
2013,MITSUBISHI,OUTLANDER,PETROL ELECTRIC HYBRID
2013,MITSUBISHI,OUTLANDER,PETROL HYBRID
2013,MITSUBISHI,OUTLANDER,PLUGIN DIESEL HYBRID
2013,MITSUBISHI,OUTLANDER,PLUGIN PETROL HYBRID
2014,MITSUBISHI,OUTLANDER,ELECTRIC
2014,MITSUBISHI,OUTLANDER,PETROL ELECTRIC HYBRID
2014,MITSUBISHI,OUTLANDER,PETROL HYBRID
2014,MITSUBISHI,OUTLANDER,PLUGIN DIESEL HYBRID
2014,MITSUBISHI,OUTLANDER,PLUGIN PETROL HYBRID
2015,MITSUBISHI,OUTLANDER,PETROL ELECTRIC HYBRID
2015,MITSUBISHI,OUTLANDER,PETROL HYBRID
2015,MITSUBISHI,OUTLANDER,PLUGIN PETROL HYBRID
2016,MITSUBISHI,OUTLANDER,PETROL ELECTRIC HYBRID
2016,MITSUBISHI,OUTLANDER,PLUGIN PETROL HYBRID
2017,MITSUBISHI,OUTLANDER,PETROL ELECTRIC HYBRID
2017,MITSUBISHI,OUTLANDER,PETROL HYBRID
2017,MITSUBISHI,OUTLANDER,PLUGIN PETROL HYBRID
2018,MITSUBISHI,OUTLANDER,ELECTRIC
2018,MITSUBISHI,OUTLANDER,PLUGIN PETROL HYBRID
2019,MITSUBISHI,OUTLANDER,PETROL HYBRID
2019,MITSUBISHI,OUTLANDER,PLUGIN PETROL HYBRID
2020,MITSUBISHI,OUTLANDER,PLUGIN PETROL HYBRID
2021,MITSUBISHI,OUTLANDER,PLUGIN PETROL HYBRID
2022,MITSUBISHI,OUTLANDER,PLUGIN PETROL HYBRID
2008,MITSUBISHI,PAJERO,PETROL HYBRID
2010,MITSUBISHI,RVR,PETROL HYBRID
1968,MORRIS,MINI,ELECTRIC
2009,NISSAN,BLUEBIRD,PETROL HYBRID
1999,NISSAN,CUBE,PETROL HYBRID
2009,NISSAN,CUBE,PETROL HYBRID
2018,NISSAN,CUBE,PETROL HYBRID
2014,NISSAN,E-NV200,ELECTRIC
2015,NISSAN,E-NV200,ELECTRIC
2016,NISSAN,E-NV200,ELECTRIC
2017,NISSAN,E-NV200,ELECTRIC
2019,NISSAN,E-NV200,ELECTRIC
2020,NISSAN,E-NV200,ELECTRIC
2005,NISSAN,FUGA,PETROL HYBRID
2008,NISSAN,FUGA,PLUGIN DIESEL HYBRID
2010,NISSAN,FUGA,PETROL HYBRID
2011,NISSAN,FUGA,PETROL HYBRID
2012,NISSAN,FUGA,PETROL HYBRID
2013,NISSAN,FUGA,PETROL ELECTRIC HYBRID
2013,NISSAN,FUGA,PETROL HYBRID
2014,NISSAN,FUGA,PETROL HYBRID
2015,NISSAN,FUGA,PETROL HYBRID
2016,NISSAN,FUGA,PETROL HYBRID
2011,NISSAN,INFINITI,PETROL HYBRID
2013,NISSAN,JUKE,PETROL HYBRID
2015,NISSAN,JUKE,PETROL HYBRID
2016,NISSAN,JUKE,PETROL HYBRID
2020,NISSAN,KICKS,PETROL HYBRID
2021,NISSAN,KICKS,PETROL HYBRID
2022,NISSAN,KICKS,PETROL HYBRID
2005,NISSAN,LAFESTA,PETROL HYBRID
1992,NISSAN,LAUREL,DIESEL ELECTRIC HYBRID
2007,NISSAN,LEAF,ELECTRIC
2010,NISSAN,LEAF,ELECTRIC
2011,NISSAN,LEAF,ELECTRIC
2012,NISSAN,LEAF,ELECTRIC
2012,NISSAN,LEAF,PETROL ELECTRIC HYBRID
2012,NISSAN,LEAF,PLUGIN PETROL HYBRID
2013,NISSAN,LEAF,ELECTRIC
2013,NISSAN,LEAF,PLUGIN PETROL HYBRID
2014,NISSAN,LEAF,ELECTRIC
2014,NISSAN,LEAF,PETROL HYBRID
2014,NISSAN,LEAF,PLUGIN PETROL HYBRID
2015,NISSAN,LEAF,ELECTRIC
2015,NISSAN,LEAF,PLUGIN PETROL HYBRID
2016,NISSAN,LEAF,ELECTRIC
2016,NISSAN,LEAF,PLUGIN PETROL HYBRID
2017,NISSAN,LEAF,ELECTRIC
2018,NISSAN,LEAF,ELECTRIC
2018,NISSAN,LEAF,PETROL HYBRID
2019,NISSAN,LEAF,ELECTRIC
2020,NISSAN,LEAF,ELECTRIC
2021,NISSAN,LEAF,ELECTRIC
2022,NISSAN,LEAF,ELECTRIC
2010,NISSAN,MARCH,PETROL HYBRID
2014,NISSAN,MARCH,PETROL HYBRID
2016,NISSAN,MARCH,PETROL HYBRID
2013,NISSAN,MURANO,PETROL HYBRID
2014,NISSAN,NOTE,PETROL HYBRID
2015,NISSAN,NOTE,PETROL ELECTRIC HYBRID
2015,NISSAN,NOTE,PETROL HYBRID
2016,NISSAN,NOTE,ELECTRIC [PETROL EXTENDED]
2016,NISSAN,NOTE,PETROL ELECTRIC HYBRID
2016,NISSAN,NOTE,PETROL HYBRID
2017,NISSAN,NOTE,ELECTRIC
2017,NISSAN,NOTE,ELECTRIC [PETROL EXTENDED]
2017,NISSAN,NOTE,PETROL ELECTRIC HYBRID
2017,NISSAN,NOTE,PETROL HYBRID
2018,NISSAN,NOTE,ELECTRIC [PETROL EXTENDED]
2018,NISSAN,NOTE,PETROL ELECTRIC HYBRID
2018,NISSAN,NOTE,PETROL HYBRID
2018,NISSAN,NOTE,PLUGIN PETROL HYBRID
2019,NISSAN,NOTE,ELECTRIC
2019,NISSAN,NOTE,ELECTRIC [PETROL EXTENDED]
2019,NISSAN,NOTE,PETROL ELECTRIC HYBRID
2019,NISSAN,NOTE,PETROL HYBRID
2020,NISSAN,NOTE,PETROL ELECTRIC HYBRID
2020,NISSAN,NOTE,PETROL HYBRID
2021,NISSAN,NOTE,PETROL ELECTRIC HYBRID
2021,NISSAN,NOTE,PETROL HYBRID
2022,NISSAN,NOTE,PETROL HYBRID
2014,NISSAN,NV200,ELECTRIC
2015,NISSAN,NV200,ELECTRIC
2016,NISSAN,NV200,ELECTRIC
2017,NISSAN,NV200,ELECTRIC
2014,NISSAN,PATHFINDER,PETROL HYBRID
2015,NISSAN,PATHFINDER,PETROL HYBRID
2016,NISSAN,PATHFINDER,PETROL HYBRID
2012,NISSAN,SERENA,PETROL ELECTRIC HYBRID
2012,NISSAN,SERENA,PETROL HYBRID
2013,NISSAN,SERENA,PETROL ELECTRIC HYBRID
2013,NISSAN,SERENA,PETROL HYBRID
2014,NISSAN,SERENA,PETROL HYBRID
2015,NISSAN,SERENA,PETROL HYBRID
2016,NISSAN,SERENA,PETROL HYBRID
2017,NISSAN,SERENA,PETROL HYBRID
2018,NISSAN,SERENA,PETROL ELECTRIC HYBRID
2018,NISSAN,SERENA,PETROL HYBRID
2019,NISSAN,SERENA,PETROL HYBRID
2020,NISSAN,SERENA,PETROL HYBRID
2021,NISSAN,SERENA,PETROL HYBRID
2014,NISSAN,SKYLINE,PETROL HYBRID
2015,NISSAN,SKYLINE,PETROL ELECTRIC HYBRID
2015,NISSAN,SKYLINE,PETROL HYBRID
2016,NISSAN,SKYLINE,PETROL ELECTRIC HYBRID
2016,NISSAN,SKYLINE,PETROL HYBRID
2017,NISSAN,SKYLINE,PETROL HYBRID
2018,NISSAN,SKYLINE,PETROL HYBRID
2005,NISSAN,TIIDA,PETROL HYBRID
2007,NISSAN,TIIDA,PETROL HYBRID
2008,NISSAN,TIIDA,PETROL HYBRID
2010,NISSAN,TIIDA,PETROL HYBRID
2015,NISSAN,VANETTE,ELECTRIC
2017,NISSAN,VANETTE,ELECTRIC
2013,NISSAN,WINGROAD,PETROL HYBRID
2007,NISSAN,X-TRAIL,PETROL HYBRID
2013,NISSAN,X-TRAIL,PETROL HYBRID
2015,NISSAN,X-TRAIL,PETROL ELECTRIC HYBRID
2015,NISSAN,X-TRAIL,PETROL HYBRID
2016,NISSAN,X-TRAIL,PETROL HYBRID
2017,NISSAN,X-TRAIL,PETROL HYBRID
2018,NISSAN,X-TRAIL,PETROL ELECTRIC HYBRID
2018,NISSAN,X-TRAIL,PETROL HYBRID
2019,NISSAN,X-TRAIL,PETROL HYBRID
2020,NISSAN,X-TRAIL,PETROL HYBRID
2021,NISSAN,X-TRAIL,PETROL HYBRID
2020,PEUGEOT,2008,ELECTRIC
2021,PEUGEOT,2008,ELECTRIC
2022,PEUGEOT,2008,ELECTRIC
2020,PEUGEOT,208,ELECTRIC
2021,PEUGEOT,208,ELECTRIC
2022,PEUGEOT,208,ELECTRIC
2012,PEUGEOT,3008,DIESEL HYBRID
2013,PEUGEOT,3008,DIESEL HYBRID
2014,PEUGEOT,3008,DIESEL HYBRID
2015,PEUGEOT,3008,DIESEL HYBRID
2016,PEUGEOT,3008,DIESEL HYBRID
2021,PEUGEOT,3008,PLUGIN PETROL HYBRID
2022,PEUGEOT,3008,PLUGIN PETROL HYBRID
2013,PEUGEOT,508,DIESEL HYBRID
2014,PEUGEOT,508,DIESEL HYBRID
2015,PEUGEOT,508,DIESEL HYBRID
2016,PEUGEOT,508,DIESEL HYBRID
2020,PEUGEOT,E-208,ELECTRIC
2021,PEUGEOT,EXPERT,ELECTRIC
2012,PEUGEOT,ION,ELECTRIC
2021,POLESTAR,POLESTAR 2,ELECTRIC
2022,POLESTAR,POLESTAR 2,ELECTRIC
2010,PORSCHE,CAYENNE,PETROL HYBRID
2011,PORSCHE,CAYENNE,PETROL HYBRID
2012,PORSCHE,CAYENNE,PETROL HYBRID
2013,PORSCHE,CAYENNE,PETROL HYBRID
2015,PORSCHE,CAYENNE,PLUGIN PETROL HYBRID
2016,PORSCHE,CAYENNE,PLUGIN PETROL HYBRID
2017,PORSCHE,CAYENNE,PLUGIN PETROL HYBRID
2018,PORSCHE,CAYENNE,PLUGIN PETROL HYBRID
2019,PORSCHE,CAYENNE,PETROL HYBRID
2019,PORSCHE,CAYENNE,PLUGIN PETROL HYBRID
2020,PORSCHE,CAYENNE,PLUGIN PETROL HYBRID
2021,PORSCHE,CAYENNE,PLUGIN PETROL HYBRID
2022,PORSCHE,CAYENNE,PLUGIN PETROL HYBRID
2011,PORSCHE,PANAMERA,PETROL HYBRID
2012,PORSCHE,PANAMERA,PETROL HYBRID
2014,PORSCHE,PANAMERA,PLUGIN PETROL HYBRID
2017,PORSCHE,PANAMERA,PLUGIN PETROL HYBRID
2018,PORSCHE,PANAMERA,PLUGIN PETROL HYBRID
2019,PORSCHE,PANAMERA,ELECTRIC [PETROL EXTENDED]
2019,PORSCHE,PANAMERA,PETROL ELECTRIC HYBRID
2019,PORSCHE,PANAMERA,PETROL HYBRID
2019,PORSCHE,PANAMERA,PLUGIN PETROL HYBRID
2020,PORSCHE,PANAMERA,PLUGIN PETROL HYBRID
2021,PORSCHE,PANAMERA,PLUGIN PETROL HYBRID
2022,PORSCHE,PANAMERA,PLUGIN PETROL HYBRID
2015,PORSCHE,SPYDER,PLUGIN PETROL HYBRID
2020,PORSCHE,TAYCAN,ELECTRIC
2021,PORSCHE,TAYCAN,ELECTRIC
2022,PORSCHE,TAYCAN,ELECTRIC
2020,RENAULT,KANGOO,ELECTRIC
2021,RENAULT,KANGOO,ELECTRIC
2005,RENAULT,MEGANE CC,PETROL HYBRID
2015,RENAULT,ZOE,ELECTRIC
2016,RENAULT,ZOE,ELECTRIC
2017,RENAULT,ZOE,ELECTRIC
2018,RENAULT,ZOE,ELECTRIC
2019,RENAULT,ZOE,ELECTRIC
2020,RENAULT,ZOE,ELECTRIC
2021,RENAULT,ZOE,ELECTRIC
2022,RENAULT,ZOE,ELECTRIC
1993,ROVER,MINI,ELECTRIC
2021,SEAT,LEON,PETROL HYBRID
2022,SEAT,LEON,PETROL HYBRID
2021,SKODA,ENYAQ,ELECTRIC
2021,SKODA,OCTAVIA,PLUGIN PETROL HYBRID
2022,SKODA,OCTAVIA,PETROL HYBRID
2022,SKODA,OCTAVIA,PLUGIN PETROL HYBRID
2020,SKODA,SUPERB,PLUGIN PETROL HYBRID
2021,SKODA,SUPERB,PLUGIN PETROL HYBRID
2022,SKODA,SUPERB,PLUGIN PETROL HYBRID
2009,SMART,FORTWO,PETROL HYBRID
2012,SMART,FORTWO,ELECTRIC
2012,SMART,FORTWO,PETROL HYBRID
2013,SMART,FORTWO,ELECTRIC
2014,SMART,FORTWO,ELECTRIC
2015,SMART,FORTWO,ELECTRIC
2016,SMART,FORTWO,ELECTRIC
2017,SMART,FORTWO,ELECTRIC
2018,SMART,FORTWO,ELECTRIC
2009,SUBARU,FORESTER,PETROL HYBRID
2019,SUBARU,FORESTER,PETROL HYBRID
2020,SUBARU,FORESTER,PETROL HYBRID
2021,SUBARU,FORESTER,PETROL HYBRID
2022,SUBARU,FORESTER,PETROL HYBRID
2010,SUBARU,IMPREZA,PETROL HYBRID
2012,SUBARU,IMPREZA,PETROL HYBRID
2013,SUBARU,IMPREZA,PETROL ELECTRIC HYBRID
2013,SUBARU,IMPREZA,PETROL HYBRID
2014,SUBARU,IMPREZA,PETROL ELECTRIC HYBRID
2014,SUBARU,IMPREZA,PETROL HYBRID
2015,SUBARU,IMPREZA,PETROL ELECTRIC HYBRID
2015,SUBARU,IMPREZA,PETROL HYBRID
2016,SUBARU,IMPREZA,PETROL HYBRID
2017,SUBARU,IMPREZA,PETROL HYBRID
2018,SUBARU,IMPREZA,PETROL HYBRID
2019,SUBARU,IMPREZA,PETROL HYBRID
2020,SUBARU,IMPREZA,PETROL HYBRID
2005,SUBARU,LEGACY,PETROL HYBRID
2007,SUBARU,LEGACY,DIESEL ELECTRIC HYBRID
2008,SUBARU,LEGACY,PETROL HYBRID
2013,SUBARU,LEGACY,PETROL HYBRID
2012,SUBARU,OUTBACK,PETROL HYBRID
2012,SUBARU,XV,PETROL HYBRID
2013,SUBARU,XV,PETROL ELECTRIC HYBRID
2013,SUBARU,XV,PETROL HYBRID
2014,SUBARU,XV,PETROL ELECTRIC HYBRID
2014,SUBARU,XV,PETROL HYBRID
2015,SUBARU,XV,PETROL ELECTRIC HYBRID
2015,SUBARU,XV,PETROL HYBRID
2016,SUBARU,XV,PETROL HYBRID
2017,SUBARU,XV,PETROL HYBRID
2020,SUBARU,XV,PETROL HYBRID
2021,SUBARU,XV,PETROL HYBRID
2022,SUBARU,XV,PETROL HYBRID
1987,SUZUKI,ALTO,ELECTRIC
2008,SUZUKI,ESCUDO,PETROL HYBRID
2015,SUZUKI,HUSTLER,PETROL HYBRID
2010,SUZUKI,IGNIS,PETROL HYBRID
2016,SUZUKI,IGNIS,PETROL ELECTRIC HYBRID
2016,SUZUKI,IGNIS,PETROL HYBRID
2017,SUZUKI,IGNIS,PETROL HYBRID
2018,SUZUKI,IGNIS,PETROL HYBRID
2019,SUZUKI,IGNIS,PETROL HYBRID
2020,SUZUKI,IGNIS,PETROL HYBRID
2012,SUZUKI,LANDY,PETROL HYBRID
2013,SUZUKI,LANDY,PETROL HYBRID
2014,SUZUKI,LANDY,PETROL HYBRID
2015,SUZUKI,LANDY,PETROL HYBRID
2016,SUZUKI,LANDY,PETROL HYBRID
2015,SUZUKI,SOLIO,PETROL HYBRID
2016,SUZUKI,SOLIO,PETROL HYBRID
2017,SUZUKI,SOLIO,PETROL HYBRID
2006,SUZUKI,SWIFT,PETROL HYBRID
2007,SUZUKI,SWIFT,PETROL HYBRID
2011,SUZUKI,SWIFT,PETROL HYBRID
2013,SUZUKI,SWIFT,PETROL HYBRID
2014,SUZUKI,SWIFT,PETROL HYBRID
2017,SUZUKI,SWIFT,PETROL ELECTRIC HYBRID
2017,SUZUKI,SWIFT,PETROL HYBRID
2018,SUZUKI,SWIFT,PETROL ELECTRIC HYBRID
2018,SUZUKI,SWIFT,PETROL HYBRID
2019,SUZUKI,SWIFT,PETROL ELECTRIC HYBRID
2019,SUZUKI,SWIFT,PETROL HYBRID
2020,SUZUKI,SWIFT,PETROL ELECTRIC HYBRID
2020,SUZUKI,SWIFT,PETROL HYBRID
2020,SUZUKI,SWIFT,PLUGIN PETROL HYBRID
2021,SUZUKI,SWIFT,PETROL HYBRID
2022,SUZUKI,SWIFT,PETROL HYBRID
2018,SUZUKI,WAGON R+,PETROL HYBRID
2019,SUZUKI,WAGON R+,PETROL HYBRID
2019,TESLA,MODEL 3,ELECTRIC
2020,TESLA,MODEL 3,ELECTRIC
2021,TESLA,MODEL 3,ELECTRIC
2022,TESLA,MODEL 3,ELECTRIC
2014,TESLA,MODEL S,ELECTRIC
2015,TESLA,MODEL S,ELECTRIC
2016,TESLA,MODEL S,ELECTRIC
2017,TESLA,MODEL S,ELECTRIC
2018,TESLA,MODEL S,ELECTRIC
2019,TESLA,MODEL S,ELECTRIC
2020,TESLA,MODEL S,ELECTRIC
2021,TESLA,MODEL S,ELECTRIC
2017,TESLA,MODEL X,ELECTRIC
2018,TESLA,MODEL X,ELECTRIC
2019,TESLA,MODEL X,ELECTRIC
2020,TESLA,MODEL X,ELECTRIC
2021,TESLA,MODEL X,ELECTRIC
2022,TESLA,MODEL Y,ELECTRIC
2012,TESLA,ROADSTER,ELECTRIC
2003,TOYOTA,ALPHARD,PETROL HYBRID
2004,TOYOTA,ALPHARD,ELECTRIC
2004,TOYOTA,ALPHARD,PETROL ELECTRIC HYBRID
2004,TOYOTA,ALPHARD,PETROL HYBRID
2005,TOYOTA,ALPHARD,PETROL ELECTRIC HYBRID
2005,TOYOTA,ALPHARD,PETROL HYBRID
2006,TOYOTA,ALPHARD,PETROL ELECTRIC HYBRID
2006,TOYOTA,ALPHARD,PETROL HYBRID
2007,TOYOTA,ALPHARD,PETROL ELECTRIC HYBRID
2007,TOYOTA,ALPHARD,PETROL HYBRID
2008,TOYOTA,ALPHARD,PETROL ELECTRIC HYBRID
2008,TOYOTA,ALPHARD,PETROL HYBRID
2009,TOYOTA,ALPHARD,PETROL HYBRID
2010,TOYOTA,ALPHARD,PETROL HYBRID
2011,TOYOTA,ALPHARD,PETROL HYBRID
2012,TOYOTA,ALPHARD,PETROL ELECTRIC HYBRID
2012,TOYOTA,ALPHARD,PETROL HYBRID
2013,TOYOTA,ALPHARD,PETROL HYBRID
2014,TOYOTA,ALPHARD,PETROL HYBRID
2015,TOYOTA,ALPHARD,PETROL HYBRID
2016,TOYOTA,ALPHARD,PETROL ELECTRIC HYBRID
2016,TOYOTA,ALPHARD,PETROL HYBRID
2017,TOYOTA,ALPHARD,PETROL HYBRID
2018,TOYOTA,ALPHARD,PETROL HYBRID
2019,TOYOTA,ALPHARD,PETROL HYBRID
2020,TOYOTA,ALPHARD,PETROL HYBRID
2021,TOYOTA,ALPHARD,PETROL HYBRID
2013,TOYOTA,ALTIS,PETROL HYBRID
2010,TOYOTA,AQUA,PETROL HYBRID
2011,TOYOTA,AQUA,PETROL HYBRID
2012,TOYOTA,AQUA,PETROL ELECTRIC HYBRID
2012,TOYOTA,AQUA,PETROL HYBRID
2013,TOYOTA,AQUA,ELECTRIC
2013,TOYOTA,AQUA,PETROL ELECTRIC HYBRID
2013,TOYOTA,AQUA,PETROL HYBRID
2014,TOYOTA,AQUA,PETROL ELECTRIC HYBRID
2014,TOYOTA,AQUA,PETROL HYBRID
2014,TOYOTA,AQUA,PLUGIN PETROL HYBRID
2015,TOYOTA,AQUA,PETROL ELECTRIC HYBRID
2015,TOYOTA,AQUA,PETROL HYBRID
2016,TOYOTA,AQUA,PETROL ELECTRIC HYBRID
2016,TOYOTA,AQUA,PETROL HYBRID
2017,TOYOTA,AQUA,PETROL ELECTRIC HYBRID
2017,TOYOTA,AQUA,PETROL HYBRID
2018,TOYOTA,AQUA,PETROL HYBRID
2019,TOYOTA,AQUA,PETROL HYBRID
2020,TOYOTA,AQUA,PETROL HYBRID
2007,TOYOTA,AURIS,PETROL HYBRID
2009,TOYOTA,AURIS,PETROL HYBRID
2011,TOYOTA,AURIS,PETROL HYBRID
2012,TOYOTA,AURIS,PETROL HYBRID
2013,TOYOTA,AURIS,PETROL HYBRID
2014,TOYOTA,AURIS,PETROL HYBRID
2015,TOYOTA,AURIS,PETROL HYBRID
2016,TOYOTA,AURIS,PETROL ELECTRIC HYBRID
2016,TOYOTA,AURIS,PETROL HYBRID
2017,TOYOTA,AURIS,PETROL ELECTRIC HYBRID
2017,TOYOTA,AURIS,PETROL HYBRID
2018,TOYOTA,AURIS,PETROL HYBRID
2012,TOYOTA,AVENSIS,PETROL HYBRID
2014,TOYOTA,AVENSIS,PETROL HYBRID
2013,TOYOTA,AXIO,PETROL HYBRID
2014,TOYOTA,AXIO,PETROL HYBRID
2015,TOYOTA,AXIO,PETROL HYBRID
2016,TOYOTA,AXIO,PETROL HYBRID
2017,TOYOTA,AXIO,PETROL HYBRID
2007,TOYOTA,BLADE,PETROL HYBRID
2008,TOYOTA,BLADE,PETROL HYBRID
2011,TOYOTA,BLADE,PETROL HYBRID
2016,TOYOTA,C-HR,PETROL ELECTRIC HYBRID
2016,TOYOTA,C-HR,PETROL HYBRID
2017,TOYOTA,C-HR,PETROL ELECTRIC HYBRID
2017,TOYOTA,C-HR,PETROL HYBRID
2018,TOYOTA,C-HR,PETROL ELECTRIC HYBRID
2018,TOYOTA,C-HR,PETROL HYBRID
2019,TOYOTA,C-HR,PETROL HYBRID
2020,TOYOTA,C-HR,PETROL HYBRID
2021,TOYOTA,C-HR,PETROL HYBRID
2022,TOYOTA,C-HR,PETROL HYBRID
2008,TOYOTA,CAMRY,PETROL HYBRID
2009,TOYOTA,CAMRY,PETROL HYBRID
2010,TOYOTA,CAMRY,PETROL HYBRID
2011,TOYOTA,CAMRY,PETROL HYBRID
2012,TOYOTA,CAMRY,PETROL ELECTRIC HYBRID
2012,TOYOTA,CAMRY,PETROL HYBRID
2013,TOYOTA,CAMRY,PETROL ELECTRIC HYBRID
2013,TOYOTA,CAMRY,PETROL HYBRID
2014,TOYOTA,CAMRY,ELECTRIC
2014,TOYOTA,CAMRY,PETROL ELECTRIC HYBRID
2014,TOYOTA,CAMRY,PETROL HYBRID
2015,TOYOTA,CAMRY,PETROL ELECTRIC HYBRID
2015,TOYOTA,CAMRY,PETROL HYBRID
2016,TOYOTA,CAMRY,PETROL ELECTRIC HYBRID
2016,TOYOTA,CAMRY,PETROL HYBRID
2017,TOYOTA,CAMRY,PETROL ELECTRIC HYBRID
2017,TOYOTA,CAMRY,PETROL HYBRID
2018,TOYOTA,CAMRY,PETROL HYBRID
2019,TOYOTA,CAMRY,PETROL HYBRID
2020,TOYOTA,CAMRY,PETROL HYBRID
2021,TOYOTA,CAMRY,PETROL HYBRID
2022,TOYOTA,CAMRY,PETROL HYBRID
1994,TOYOTA,CELICA,ELECTRIC
1993,TOYOTA,CERES,ELECTRIC
2004,TOYOTA,COROLLA,PETROL HYBRID
2007,TOYOTA,COROLLA,PETROL HYBRID
2008,TOYOTA,COROLLA,PETROL HYBRID
2011,TOYOTA,COROLLA,PETROL HYBRID
2012,TOYOTA,COROLLA,PETROL HYBRID
2013,TOYOTA,COROLLA,ELECTRIC
2013,TOYOTA,COROLLA,PETROL ELECTRIC HYBRID
2013,TOYOTA,COROLLA,PETROL HYBRID
2014,TOYOTA,COROLLA,PETROL ELECTRIC HYBRID
2014,TOYOTA,COROLLA,PETROL HYBRID
2015,TOYOTA,COROLLA,PETROL ELECTRIC HYBRID
2015,TOYOTA,COROLLA,PETROL HYBRID
2016,TOYOTA,COROLLA,PETROL ELECTRIC HYBRID
2016,TOYOTA,COROLLA,PETROL HYBRID
2017,TOYOTA,COROLLA,PETROL HYBRID
2018,TOYOTA,COROLLA,PETROL ELECTRIC HYBRID
2018,TOYOTA,COROLLA,PETROL HYBRID
2019,TOYOTA,COROLLA,PETROL HYBRID
2020,TOYOTA,COROLLA,PETROL HYBRID
2021,TOYOTA,COROLLA,PETROL HYBRID
2022,TOYOTA,COROLLA,PETROL HYBRID
2004,TOYOTA,CROWN,PETROL HYBRID
2006,TOYOTA,CROWN,PETROL HYBRID
2008,TOYOTA,CROWN,PETROL ELECTRIC HYBRID
2008,TOYOTA,CROWN,PETROL HYBRID
2009,TOYOTA,CROWN,PETROL ELECTRIC HYBRID
2009,TOYOTA,CROWN,PETROL HYBRID
2010,TOYOTA,CROWN,PETROL HYBRID
2011,TOYOTA,CROWN,PETROL HYBRID
2012,TOYOTA,CROWN,PETROL HYBRID
2013,TOYOTA,CROWN,PETROL HYBRID
2014,TOYOTA,CROWN,PETROL HYBRID
2015,TOYOTA,CROWN,PETROL HYBRID
2016,TOYOTA,CROWN,PETROL HYBRID
2018,TOYOTA,CROWN,PETROL HYBRID
2019,TOYOTA,CROWN,PETROL HYBRID
2000,TOYOTA,ECHO,ELECTRIC
2003,TOYOTA,ECHO,PETROL HYBRID
2014,TOYOTA,ESQUIRE,PETROL HYBRID
2016,TOYOTA,ESQUIRE,PETROL HYBRID
2000,TOYOTA,ESTIMA,PETROL HYBRID
2001,TOYOTA,ESTIMA,PETROL HYBRID
2002,TOYOTA,ESTIMA,PETROL HYBRID
2003,TOYOTA,ESTIMA,PETROL HYBRID
2004,TOYOTA,ESTIMA,PETROL ELECTRIC HYBRID
2004,TOYOTA,ESTIMA,PETROL HYBRID
2005,TOYOTA,ESTIMA,PETROL ELECTRIC HYBRID
2005,TOYOTA,ESTIMA,PETROL HYBRID
2006,TOYOTA,ESTIMA,PETROL ELECTRIC HYBRID
2006,TOYOTA,ESTIMA,PETROL HYBRID
2007,TOYOTA,ESTIMA,PETROL ELECTRIC HYBRID
2007,TOYOTA,ESTIMA,PETROL HYBRID
2008,TOYOTA,ESTIMA,PETROL ELECTRIC HYBRID
2008,TOYOTA,ESTIMA,PETROL HYBRID
2009,TOYOTA,ESTIMA,PETROL ELECTRIC HYBRID
2009,TOYOTA,ESTIMA,PETROL HYBRID
2010,TOYOTA,ESTIMA,PETROL ELECTRIC HYBRID
2010,TOYOTA,ESTIMA,PETROL HYBRID
2011,TOYOTA,ESTIMA,PETROL ELECTRIC HYBRID
2011,TOYOTA,ESTIMA,PETROL HYBRID
2012,TOYOTA,ESTIMA,PETROL ELECTRIC HYBRID
2012,TOYOTA,ESTIMA,PETROL HYBRID
2013,TOYOTA,ESTIMA,PETROL ELECTRIC HYBRID
2013,TOYOTA,ESTIMA,PETROL HYBRID
2014,TOYOTA,ESTIMA,PETROL HYBRID
2015,TOYOTA,ESTIMA,PETROL HYBRID
2016,TOYOTA,ESTIMA,PETROL HYBRID
2017,TOYOTA,ESTIMA,PETROL HYBRID
2013,TOYOTA,FIELDER,PETROL ELECTRIC HYBRID
2013,TOYOTA,FIELDER,PETROL HYBRID
2014,TOYOTA,FIELDER,PETROL ELECTRIC HYBRID
2014,TOYOTA,FIELDER,PETROL HYBRID
2015,TOYOTA,FIELDER,PETROL HYBRID
2016,TOYOTA,FIELDER,PETROL HYBRID
2017,TOYOTA,FIELDER,PETROL HYBRID
2014,TOYOTA,FJ,PETROL HYBRID
2005,TOYOTA,HARRIER,PETROL ELECTRIC HYBRID
2005,TOYOTA,HARRIER,PETROL HYBRID
2006,TOYOTA,HARRIER,ELECTRIC [PETROL EXTENDED]
2006,TOYOTA,HARRIER,PETROL ELECTRIC HYBRID
2006,TOYOTA,HARRIER,PETROL HYBRID
2007,TOYOTA,HARRIER,PETROL HYBRID
2008,TOYOTA,HARRIER,PETROL HYBRID
2009,TOYOTA,HARRIER,PETROL ELECTRIC HYBRID
2009,TOYOTA,HARRIER,PETROL HYBRID
2010,TOYOTA,HARRIER,PETROL HYBRID
2011,TOYOTA,HARRIER,PETROL ELECTRIC HYBRID
2011,TOYOTA,HARRIER,PETROL HYBRID
2012,TOYOTA,HARRIER,PETROL HYBRID
2014,TOYOTA,HARRIER,PETROL HYBRID
2015,TOYOTA,HARRIER,PETROL HYBRID
2016,TOYOTA,HARRIER,PETROL HYBRID
2018,TOYOTA,HARRIER,PETROL HYBRID
2019,TOYOTA,HARRIER,PETROL HYBRID
2021,TOYOTA,HARRIER,PETROL HYBRID
2022,TOYOTA,HARRIER,PETROL HYBRID
2018,TOYOTA,HIACE,DIESEL ELECTRIC HYBRID
2020,TOYOTA,HIGHLANDER,PETROL HYBRID
2021,TOYOTA,HIGHLANDER,PETROL HYBRID
2022,TOYOTA,HIGHLANDER,PETROL HYBRID
2008,TOYOTA,IQ,PETROL HYBRID
2005,TOYOTA,KLUGER,PETROL ELECTRIC HYBRID
2005,TOYOTA,KLUGER,PETROL HYBRID
2006,TOYOTA,KLUGER,PETROL ELECTRIC HYBRID
2006,TOYOTA,KLUGER,PETROL HYBRID
2007,TOYOTA,KLUGER,PETROL HYBRID
2005,TOYOTA,LEXUS,PETROL HYBRID
2006,TOYOTA,LEXUS,PETROL HYBRID
2007,TOYOTA,LEXUS,PETROL HYBRID
2008,TOYOTA,LEXUS,PETROL HYBRID
2009,TOYOTA,LEXUS,PETROL HYBRID
2010,TOYOTA,LEXUS,PETROL HYBRID
2011,TOYOTA,LEXUS,PETROL HYBRID
2012,TOYOTA,LEXUS,PETROL ELECTRIC HYBRID
2012,TOYOTA,LEXUS,PETROL HYBRID
2013,TOYOTA,LEXUS,PETROL HYBRID
2014,TOYOTA,LEXUS,PETROL HYBRID
2015,TOYOTA,LEXUS,PETROL HYBRID
2018,TOYOTA,LEXUS,PETROL HYBRID
2007,TOYOTA,MARKX,PETROL HYBRID
2008,TOYOTA,MARKX,PETROL HYBRID
2016,TOYOTA,MIRAI,ELECTRIC FUEL CELL HYDROGEN
2017,TOYOTA,MIRAI,ELECTRIC FUEL CELL HYDROGEN
2020,TOYOTA,MIRAI,ELECTRIC FUEL CELL HYDROGEN
2022,TOYOTA,MIRAI,ELECTRIC FUEL CELL HYDROGEN
1991,TOYOTA,MR2,ELECTRIC
1992,TOYOTA,MR2,ELECTRIC
2014,TOYOTA,NOAH,PETROL HYBRID
2015,TOYOTA,NOAH,PETROL HYBRID
2016,TOYOTA,NOAH,PETROL HYBRID
2017,TOYOTA,NOAH,PETROL HYBRID
2012,TOYOTA,PORTE,PETROL HYBRID
1998,TOYOTA,PRIUS,PETROL HYBRID
1999,TOYOTA,PRIUS,PETROL HYBRID
2000,TOYOTA,PRIUS,PETROL HYBRID
2001,TOYOTA,PRIUS,PETROL HYBRID
2002,TOYOTA,PRIUS,PETROL HYBRID
2003,TOYOTA,PRIUS,PETROL HYBRID
2004,TOYOTA,PRIUS,PETROL ELECTRIC HYBRID
2004,TOYOTA,PRIUS,PETROL HYBRID
2005,TOYOTA,PRIUS,PETROL ELECTRIC HYBRID
2005,TOYOTA,PRIUS,PETROL HYBRID
2006,TOYOTA,PRIUS,PETROL ELECTRIC HYBRID
2006,TOYOTA,PRIUS,PETROL HYBRID
2007,TOYOTA,PRIUS,PETROL ELECTRIC HYBRID
2007,TOYOTA,PRIUS,PETROL HYBRID
2008,TOYOTA,PRIUS,PETROL ELECTRIC HYBRID
2008,TOYOTA,PRIUS,PETROL HYBRID
2009,TOYOTA,PRIUS,PETROL ELECTRIC HYBRID
2009,TOYOTA,PRIUS,PETROL HYBRID
2010,TOYOTA,PRIUS,PETROL ELECTRIC HYBRID
2010,TOYOTA,PRIUS,PETROL HYBRID
2010,TOYOTA,PRIUS,PLUGIN PETROL HYBRID
2011,TOYOTA,PRIUS,PETROL ELECTRIC HYBRID
2011,TOYOTA,PRIUS,PETROL HYBRID
2012,TOYOTA,PRIUS,PETROL ELECTRIC HYBRID
2012,TOYOTA,PRIUS,PETROL HYBRID
2012,TOYOTA,PRIUS,PLUGIN PETROL HYBRID
2013,TOYOTA,PRIUS,ELECTRIC
2013,TOYOTA,PRIUS,PETROL ELECTRIC HYBRID
2013,TOYOTA,PRIUS,PETROL HYBRID
2013,TOYOTA,PRIUS,PLUGIN PETROL HYBRID
2014,TOYOTA,PRIUS,PETROL ELECTRIC HYBRID
2014,TOYOTA,PRIUS,PETROL HYBRID
2014,TOYOTA,PRIUS,PLUGIN PETROL HYBRID
2015,TOYOTA,PRIUS,PETROL ELECTRIC HYBRID
2015,TOYOTA,PRIUS,PETROL HYBRID
2015,TOYOTA,PRIUS,PLUGIN PETROL HYBRID
2016,TOYOTA,PRIUS,PETROL ELECTRIC HYBRID
2016,TOYOTA,PRIUS,PETROL HYBRID
2016,TOYOTA,PRIUS,PLUGIN PETROL HYBRID
2017,TOYOTA,PRIUS,ELECTRIC
2017,TOYOTA,PRIUS,PETROL ELECTRIC HYBRID
2017,TOYOTA,PRIUS,PETROL HYBRID
2017,TOYOTA,PRIUS,PLUGIN PETROL HYBRID
2018,TOYOTA,PRIUS,PETROL ELECTRIC HYBRID
2018,TOYOTA,PRIUS,PETROL HYBRID
2018,TOYOTA,PRIUS,PLUGIN PETROL HYBRID
2019,TOYOTA,PRIUS,PETROL HYBRID
2019,TOYOTA,PRIUS,PLUGIN PETROL HYBRID
2020,TOYOTA,PRIUS,PETROL HYBRID
2020,TOYOTA,PRIUS,PLUGIN PETROL HYBRID
2021,TOYOTA,PRIUS,PETROL HYBRID
2021,TOYOTA,PRIUS,PLUGIN PETROL HYBRID
2022,TOYOTA,PRIUS,PLUGIN PETROL HYBRID
2012,TOYOTA,RACTIS,PETROL HYBRID
1994,TOYOTA,RAV4,ELECTRIC
2006,TOYOTA,RAV4,PETROL HYBRID
2009,TOYOTA,RAV4,PETROL HYBRID
2019,TOYOTA,RAV4,PETROL HYBRID
2019,TOYOTA,RAV4,PLUGIN PETROL HYBRID
2020,TOYOTA,RAV4,PETROL HYBRID
2020,TOYOTA,RAV4,PLUGIN PETROL HYBRID
2021,TOYOTA,RAV4,PETROL HYBRID
2021,TOYOTA,RAV4,PLUGIN PETROL HYBRID
2022,TOYOTA,RAV4,PETROL HYBRID
2009,TOYOTA,SAI,PETROL ELECTRIC HYBRID
2009,TOYOTA,SAI,PETROL HYBRID
2010,TOYOTA,SAI,PETROL ELECTRIC HYBRID
2010,TOYOTA,SAI,PETROL HYBRID
2011,TOYOTA,SAI,PETROL HYBRID
2012,TOYOTA,SAI,PETROL ELECTRIC HYBRID
2012,TOYOTA,SAI,PETROL HYBRID
2013,TOYOTA,SAI,PETROL HYBRID
2014,TOYOTA,SAI,PETROL ELECTRIC HYBRID
2014,TOYOTA,SAI,PETROL HYBRID
2015,TOYOTA,SAI,PETROL ELECTRIC HYBRID
2015,TOYOTA,SAI,PETROL HYBRID
2016,TOYOTA,SAI,PETROL HYBRID
2017,TOYOTA,SAI,PETROL HYBRID
1990,TOYOTA,SERA,ELECTRIC
2016,TOYOTA,SIENNA,PETROL HYBRID
2015,TOYOTA,SIENTA,PETROL HYBRID
2016,TOYOTA,SIENTA,PETROL HYBRID
2017,TOYOTA,SIENTA,PETROL HYBRID
2018,TOYOTA,SIENTA,PETROL HYBRID
2019,TOYOTA,SIENTA,PETROL HYBRID
1980,TOYOTA,STARLET,ELECTRIC
1990,TOYOTA,STARLET,ELECTRIC
2007,TOYOTA,VANGUARD,PETROL HYBRID
2009,TOYOTA,VANGUARD,PETROL HYBRID
2010,TOYOTA,VANGUARD,PETROL HYBRID
2011,TOYOTA,VANGUARD,PETROL HYBRID
2010,TOYOTA,VELLFIRE,PETROL HYBRID
2011,TOYOTA,VELLFIRE,PETROL HYBRID
2012,TOYOTA,VELLFIRE,PETROL HYBRID
2013,TOYOTA,VELLFIRE,PETROL HYBRID
2014,TOYOTA,VELLFIRE,PETROL HYBRID
2015,TOYOTA,VELLFIRE,PETROL ELECTRIC HYBRID
2015,TOYOTA,VELLFIRE,PETROL HYBRID
2016,TOYOTA,VELLFIRE,PETROL HYBRID
2017,TOYOTA,VELLFIRE,PETROL HYBRID
2018,TOYOTA,VELLFIRE,PETROL HYBRID
2019,TOYOTA,VELLFIRE,PETROL HYBRID
2020,TOYOTA,VELLFIRE,PETROL HYBRID
2021,TOYOTA,VELLFIRE,PETROL HYBRID
2004,TOYOTA,VITZ,PETROL HYBRID
2011,TOYOTA,VITZ,PETROL HYBRID
2014,TOYOTA,VITZ,PETROL HYBRID
2017,TOYOTA,VITZ,PETROL ELECTRIC HYBRID
2017,TOYOTA,VITZ,PETROL HYBRID
2018,TOYOTA,VITZ,PETROL HYBRID
2019,TOYOTA,VITZ,PETROL HYBRID
2006,TOYOTA,VOXY,PETROL HYBRID
2014,TOYOTA,VOXY,PETROL HYBRID
2015,TOYOTA,VOXY,PETROL HYBRID
2016,TOYOTA,VOXY,PETROL HYBRID
2018,TOYOTA,VOXY,PETROL HYBRID
2008,TOYOTA,WISH,PETROL HYBRID
2009,TOYOTA,WISH,DIESEL ELECTRIC HYBRID
2009,TOYOTA,WISH,PETROL HYBRID
2010,TOYOTA,WISH,PETROL HYBRID
2011,TOYOTA,WISH,PETROL HYBRID
2012,TOYOTA,WISH,PETROL HYBRID
2012,TOYOTA,YARIS,PETROL HYBRID
2015,TOYOTA,YARIS,PETROL HYBRID
2017,TOYOTA,YARIS,PETROL HYBRID
2020,TOYOTA,YARIS,PETROL HYBRID
2021,TOYOTA,YARIS,PETROL HYBRID
2022,TOYOTA,YARIS,PETROL HYBRID
2020,TOYOTA,YARIS CROSS,PETROL HYBRID
2021,TOYOTA,YARIS CROSS,PETROL HYBRID
2022,TOYOTA,YARIS CROSS,PETROL HYBRID
2007,TOYOTA LEXUS,LS,PETROL HYBRID
2013,TOYOTA LEXUS,LS,PETROL HYBRID
2006,TOYOTA LEXUS,RX,PETROL HYBRID
2011,TOYOTA LEXUS,RX,PETROL HYBRID
2014,VAUXHALL,AMPERA,PETROL HYBRID
2015,VAUXHALL,AMPERA,PLUGIN PETROL HYBRID
2020,VAUXHALL,CORSA,ELECTRIC
2021,VAUXHALL,MOKKA-E,ELECTRIC
1904,VETERAN,BAKER,ELECTRIC
1903,VETERAN,LEMS 1903,ELECTRIC
1965,VOLKSWAGEN,1200,ELECTRIC
1971,VOLKSWAGEN,1302S,ELECTRIC
1963,VOLKSWAGEN,BEETLE,ELECTRIC
2014,VOLKSWAGEN,E-UP,ELECTRIC
2020,VOLKSWAGEN,E-UP,ELECTRIC
2010,VOLKSWAGEN,GOLF,PETROL HYBRID
2011,VOLKSWAGEN,GOLF,PETROL HYBRID
2014,VOLKSWAGEN,GOLF,ELECTRIC
2014,VOLKSWAGEN,GOLF,PETROL HYBRID
2015,VOLKSWAGEN,GOLF,ELECTRIC
2015,VOLKSWAGEN,GOLF,PETROL HYBRID
2015,VOLKSWAGEN,GOLF,PLUGIN PETROL HYBRID
2016,VOLKSWAGEN,GOLF,ELECTRIC
2016,VOLKSWAGEN,GOLF,PETROL ELECTRIC HYBRID
2016,VOLKSWAGEN,GOLF,PETROL HYBRID
2016,VOLKSWAGEN,GOLF,PLUGIN PETROL HYBRID
2017,VOLKSWAGEN,GOLF,ELECTRIC
2017,VOLKSWAGEN,GOLF,PETROL HYBRID
2017,VOLKSWAGEN,GOLF,PLUGIN PETROL HYBRID
2018,VOLKSWAGEN,GOLF,ELECTRIC
2018,VOLKSWAGEN,GOLF,PLUGIN PETROL HYBRID
2019,VOLKSWAGEN,GOLF,ELECTRIC
2020,VOLKSWAGEN,GOLF,ELECTRIC
2020,VOLKSWAGEN,GOLF,PLUGIN PETROL HYBRID
2021,VOLKSWAGEN,GOLF,ELECTRIC
2020,VOLKSWAGEN,ID3,ELECTRIC
2021,VOLKSWAGEN,ID3,ELECTRIC
2021,VOLKSWAGEN,ID4,ELECTRIC
2006,VOLKSWAGEN,JETTA,PETROL HYBRID
1968,VOLKSWAGEN,KARMANN,ELECTRIC
2016,VOLKSWAGEN,PASSAT,PETROL HYBRID
2016,VOLKSWAGEN,PASSAT,PLUGIN PETROL HYBRID
2017,VOLKSWAGEN,PASSAT,PLUGIN PETROL HYBRID
2022,VOLKSWAGEN,T7,PLUGIN PETROL HYBRID
2011,VOLKSWAGEN,TOUAREG,PETROL HYBRID
2012,VOLKSWAGEN,TOUAREG,PETROL HYBRID
2013,VOLKSWAGEN,TOUAREG,PETROL HYBRID
2014,VOLKSWAGEN,TOUAREG,PETROL HYBRID
2021,VOLKSWAGEN,TOUAREG,PLUGIN PETROL HYBRID
2020,VOLVO,S60,PLUGIN PETROL HYBRID
2022,VOLVO,S60,PETROL HYBRID
2018,VOLVO,S90,PLUGIN PETROL HYBRID
2009,VOLVO,V50,PETROL HYBRID
2020,VOLVO,V60,PLUGIN PETROL HYBRID
2021,VOLVO,V60 CROSS COUNTRY,PETROL HYBRID
2022,VOLVO,V60 CROSS COUNTRY,PETROL HYBRID
2021,VOLVO,V90,DIESEL ELECTRIC HYBRID
2021,VOLVO,XC40,ELECTRIC
2021,VOLVO,XC40,PLUGIN PETROL HYBRID
2022,VOLVO,XC40,PLUGIN PETROL HYBRID
2017,VOLVO,XC60,PLUGIN PETROL HYBRID
2018,VOLVO,XC60,PLUGIN PETROL HYBRID
2019,VOLVO,XC60,PLUGIN PETROL HYBRID
2020,VOLVO,XC60,PETROL HYBRID
2020,VOLVO,XC60,PLUGIN PETROL HYBRID
2021,VOLVO,XC60,PETROL HYBRID
2021,VOLVO,XC60,PLUGIN PETROL HYBRID
2022,VOLVO,XC60,PETROL HYBRID
2022,VOLVO,XC60,PLUGIN PETROL HYBRID
2016,VOLVO,XC90,PLUGIN PETROL HYBRID
2017,VOLVO,XC90,PLUGIN PETROL HYBRID
2018,VOLVO,XC90,PLUGIN PETROL HYBRID
2019,VOLVO,XC90,PLUGIN PETROL HYBRID
2020,VOLVO,XC90,PLUGIN PETROL HYBRID
2021,VOLVO,XC90,PETROL HYBRID
2021,VOLVO,XC90,PLUGIN PETROL HYBRID
2022,VOLVO,XC90,PETROL HYBRID
2022,VOLVO,XC90,PLUGIN PETROL HYBRID
